Gene Symbol,Bladder Count,Lung Count,Brain Count
A1BG,0,0,0
A1BG-AS1,0,0,0
A1CF,0,0,0
A2M,0,0,0
A2M-AS1,0,0,0
A2ML1,0,0,0
A2ML1-AS1,0,0,0
A2ML1-AS2,0,0,0
A2MP1,0,0,0
A3GALT2,0,0,0
A4GALT,0,0,0
A4GNT,0,0,0
AAAS,2,0,0
AACS,0,0,0
AACSP1,0,0,0
AADAC,0,0,0
AADACL2,0,0,0
AADACL2-AS1,0,0,0
AADACL3,0,0,0
AADACL4,0,0,0
AADACP1,0,0,0
AADAT,0,0,0
AAED1,0,0,0
AAGAB,0,0,0
AAK1,0,0,0
AAMDC,0,0,0
AAMP,0,0,0
AANAT,0,0,0
AAR2,0,0,0
AARD,0,0,0
AARS,0,0,0
AARS2,0,0,0
AARSD1,0,0,0
AARSP1,0,0,0
AASDH,0,0,0
AASDHPPT,0,0,0
AASS,0,0,0
AATBC,0,0,0
AATF,0,0,0
AATK,0,0,0
AATK-AS1,0,0,0
AAVS1,0,0,0
ABALON,0,0,0
ABAT,0,0,0
ABCA1,0,6,7
ABCA2,0,1,0
ABCA3,0,0,0
ABCA4,0,0,0
ABCA5,0,1,0
ABCA6,0,0,0
ABCA7,0,0,0
ABCA8,0,0,0
ABCA9,0,0,0
ABCA9-AS1,0,0,0
ABCA10,0,0,0
ABCA11P,0,0,0
ABCA12,0,0,0
ABCA13,0,0,0
ABCA17P,0,0,0
ABCB1,0,2,9
ABCB4,0,0,0
ABCB5,0,0,0
ABCB6,0,0,0
ABCB7,0,0,0
ABCB8,0,0,0
ABCB9,0,0,0
ABCB10,0,0,0
ABCB10P1,0,0,0
ABCB10P3,0,0,0
ABCB10P4,0,0,0
ABCB11,0,0,0
ABCC1,0,6,1
ABCC2,0,0,1
ABCC3,0,0,0
ABCC4,2,5,0
ABCC5,0,0,0
ABCC5-AS1,0,0,0
ABCC6,0,0,0
ABCC6P1,0,0,0
ABCC6P2,0,0,0
ABCC8,0,0,0
ABCC9,0,0,0
ABCC10,0,0,0
ABCC11,0,0,0
ABCC12,0,0,0
ABCC13,0,0,0
ABCD1,2,0,0
ABCD1P1,0,0,0
ABCD1P2,0,0,0
ABCD1P3,0,0,0
ABCD1P4,0,0,0
ABCD1P5,0,0,0
ABCD2,0,0,0
ABCD3,0,0,0
ABCD4,0,0,0
ABCE1,0,0,0
ABCF1,8,0,0
ABCF2,0,0,0
ABCF2P1,0,0,0
ABCF2P2,0,0,0
ABCF3,0,0,0
ABCG1,0,0,1
ABCG2,10,6,17
ABCG4,0,0,0
ABCG5,0,0,0
ABCG8,0,0,0
ABHD1,0,0,0
ABHD2,0,0,0
ABHD3,0,0,0
ABHD4,0,0,0
ABHD5,0,0,0
ABHD6,0,0,0
ABHD8,0,0,0
ABHD10,0,0,0
ABHD11,0,0,0
ABHD11-AS1,0,0,0
ABHD12,0,0,0
ABHD12B,0,0,0
ABHD13,0,0,0
ABHD14A,0,0,0
ABHD14A-ACY1,0,0,0
ABHD14B,0,0,0
ABHD15,0,0,0
ABHD15-AS1,0,0,0
ABHD16A,0,0,0
ABHD16B,0,0,0
ABHD17A,0,0,0
ABHD17AP1,0,0,0
ABHD17AP3,0,0,0
ABHD17AP4,0,0,0
ABHD17AP5,0,0,0
ABHD17AP6,0,0,0
ABHD17AP7,0,0,0
ABHD17AP8,0,0,0
ABHD17AP9,0,0,0
ABHD17B,0,0,0
ABHD17C,0,0,0
ABHD18,0,0,0
ABI1,0,0,0
ABI1P1,0,0,0
ABI2,0,0,0
ABI3,0,0,0
ABI3BP,0,0,0
ABL1,4,2,0
ABL2,0,1,0
ABLIM1,0,0,0
ABLIM2,0,0,0
ABLIM3,0,0,0
ABO,24,0,4
ABR,0,0,0
ABRA,0,0,0
ABRACL,0,0,0
ABT1,0,0,0
ABT1P1,0,0,0
ABTB1,0,0,0
ABTB2,0,0,0
ACAA1,0,0,0
ACAA2,0,0,0
ACACA,0,0,0
ACACB,0,0,0
ACAD8,0,0,0
ACAD9,0,0,0
ACAD10,0,0,0
ACAD11,0,0,0
ACADL,0,0,0
ACADM,0,0,0
ACADS,0,0,0
ACADSB,0,0,0
ACADVL,0,0,0
ACAN,0,0,0
ACAP1,0,0,0
ACAP2,0,0,0
ACAP2-IT1,0,0,0
ACAP3,0,0,0
ACAT1,0,0,0
ACAT2,0,0,0
ACBD3,0,0,1
ACBD4,0,0,0
ACBD5,0,0,0
ACBD6,0,0,0
ACBD7,0,0,0
ACCS,0,0,0
ACCSL,0,0,0
ACD,8,0,0
ACE,22,0,0
ACE2,0,0,0
ACE3P,0,0,0
ACER1,0,0,0
ACER2,0,0,0
ACER3,0,0,0
ACHE,2,2,0
ACIN1,0,0,0
ACKR1,0,0,0
ACKR2,0,0,0
ACKR3,0,0,0
ACKR4,0,0,0
ACLS,0,0,0
ACLY,0,0,0
ACMSD,0,0,0
ACO1,0,0,0
ACO2,0,0,0
ACOT1,0,0,0
ACOT2,0,0,0
ACOT4,0,6,6
ACOT6,0,0,0
ACOT7,0,0,0
ACOT8,0,0,0
ACOT9,0,0,0
ACOT11,0,0,0
ACOT12,0,0,0
ACOT13,0,0,0
ACOX1,0,0,0
ACOX2,0,0,0
ACOX3,0,0,0
ACOXL,0,0,0
ACP1,0,0,0
ACP2,0,0,0
ACP5,0,0,0
ACP6,0,0,0
ACPP,2,0,6
ACPT,0,0,0
ACR,8,2,5
ACRBP,0,0,0
ACRC,0,0,0
ACRV1,0,0,0
ACSBG1,0,0,0
ACSBG2,0,0,0
ACSF2,0,0,0
ACSF3,0,0,0
ACSL1,2,0,0
ACSL3,0,0,0
ACSL4,0,0,0
ACSL5,2,0,0
ACSL6,0,0,0
ACSM1,0,0,0
ACSM2A,0,0,0
ACSM2B,0,0,0
ACSM3,0,0,0
ACSM4,0,0,0
ACSM5,0,0,0
ACSM5P1,0,0,0
ACSM6,0,0,0
ACSS1,0,0,0
ACSS2,0,0,1
ACSS3,0,0,0
ACTA1,0,0,0
ACTA2,0,0,0
ACTA2-AS1,0,0,0
ACTB,0,1,0
ACTBL2,0,0,0
ACTBP1,0,0,0
ACTBP2,0,0,0
ACTBP3,0,0,0
ACTBP4,0,0,0
ACTBP6,0,0,0
ACTBP7,0,0,0
ACTBP8,0,0,0
ACTBP9,0,0,0
ACTBP10,0,0,0
ACTBP11,0,0,0
ACTBP12,0,0,0
ACTBP13,0,0,0
ACTBP14,0,0,0
ACTC1,0,0,0
ACTG1,0,0,0
ACTG1P1,0,0,0
ACTG1P2,0,0,0
ACTG1P3,0,0,0
ACTG1P4,0,0,0
ACTG1P6,0,0,0
ACTG1P7,0,0,0
ACTG1P8,0,0,0
ACTG1P9,0,0,0
ACTG1P10,0,0,0
ACTG1P11,0,0,0
ACTG1P12,0,0,0
ACTG1P13,0,0,0
ACTG1P14,0,0,0
ACTG1P15,0,0,0
ACTG1P16,0,0,0
ACTG1P17,0,0,0
ACTG1P18,0,0,0
ACTG1P19,0,0,0
ACTG1P20,0,0,0
ACTG1P21,0,0,0
ACTG1P22,0,0,0
ACTG1P23,0,0,0
ACTG1P24,0,0,0
ACTG2,0,0,0
ACTL6A,0,0,0
ACTL6B,2,0,0
ACTL7A,0,0,0
ACTL7B,0,0,0
ACTL8,0,0,0
ACTL9,0,0,0
ACTL10,0,0,0
ACTN1,0,0,0
ACTN1-AS1,0,0,0
ACTN2,0,0,0
ACTN3,0,0,0
ACTN4,2,5,0
ACTN4P1,0,0,0
ACTN4P2,0,0,0
ACTP1,0,0,0
ACTR1A,0,0,0
ACTR1B,0,0,0
ACTR2,0,0,0
ACTR3,0,0,0
ACTR3B,0,0,0
ACTR3BP1,0,0,0
ACTR3BP2,0,0,0
ACTR3BP3,0,0,0
ACTR3BP4,0,0,0
ACTR3BP5,0,0,0
ACTR3BP6,0,0,0
ACTR3C,0,0,0
ACTR3P1,0,0,0
ACTR3P2,0,0,0
ACTR3P3,0,0,0
ACTR5,0,0,0
ACTR6,0,0,0
ACTR6P1,0,0,0
ACTR8,0,0,0
ACTR10,0,0,0
ACTRT1,0,0,0
ACTRT2,0,0,0
ACTRT3,0,0,0
ACVR1,0,0,1
ACVR1B,0,0,0
ACVR1C,0,0,0
ACVR2A,0,1,1
ACVR2B,0,0,0
ACVR2B-AS1,0,0,0
ACVRL1,0,0,0
ACY1,0,0,0
ACY3,0,0,0
ACYP1,0,0,0
ACYP2,0,0,1
AD5,10,0,0
ADA,8,0,0
ADAD1,0,0,0
ADAD1P1,0,0,0
ADAD1P2,0,0,0
ADAD2,0,0,0
ADAL,0,0,0
ADAM1A,0,0,0
ADAM1B,0,0,0
ADAM2,0,0,0
ADAM3A,0,0,0
ADAM3B,0,0,0
ADAM5,0,0,0
ADAM6,0,0,0
ADAM7,0,0,0
ADAM8,0,0,0
ADAM9,8,0,2
ADAM10,2,0,1
ADAM11,0,0,0
ADAM12,2,0,0
ADAM15,0,0,0
ADAM17,0,0,0
ADAM18,0,0,0
ADAM19,0,0,0
ADAM20,0,0,0
ADAM20P1,0,0,0
ADAM20P2,0,0,0
ADAM20P3,0,0,0
ADAM21,0,0,0
ADAM21P1,0,0,0
ADAM22,0,0,0
ADAM23,0,0,0
ADAM24P,0,0,0
ADAM28,0,0,0
ADAM29,0,0,0
ADAM30,0,0,0
ADAM32,0,0,0
ADAM33,0,0,0
ADAMDEC1,0,0,0
ADAMTS1,0,0,0
ADAMTS2,0,0,0
ADAMTS3,0,0,0
ADAMTS4,0,0,0
ADAMTS5,0,0,0
ADAMTS6,0,0,0
ADAMTS7,0,0,0
ADAMTS7P1,0,0,0
ADAMTS7P3,0,0,0
ADAMTS7P4,0,0,0
ADAMTS8,0,0,0
ADAMTS9,0,0,0
ADAMTS9-AS1,0,0,0
ADAMTS9-AS2,0,0,0
ADAMTS10,0,0,0
ADAMTS12,0,0,0
ADAMTS13,0,0,0
ADAMTS14,0,0,0
ADAMTS15,0,1,0
ADAMTS16,0,0,0
ADAMTS17,0,0,0
ADAMTS18,0,0,0
ADAMTS19,0,0,0
ADAMTS19-AS1,0,0,0
ADAMTS20,0,0,0
ADAMTSL1,0,0,0
ADAMTSL2,0,0,0
ADAMTSL3,0,0,0
ADAMTSL4,0,0,0
ADAMTSL4-AS1,0,0,0
ADAMTSL5,0,0,0
ADAP1,0,0,0
ADAP2,0,0,0
ADAR,0,0,0
ADARB1,0,0,0
ADARB2,0,0,0
ADARB2-AS1,0,0,0
ADAT1,0,0,0
ADAT2,0,0,0
ADAT3,0,0,0
ADCK1,0,0,0
ADCK2,0,0,0
ADCK3,0,0,0
ADCK4,0,0,0
ADCK5,0,0,0
ADCP1,0,0,0
ADCY1,0,0,0
ADCY2,0,0,0
ADCY3,0,0,0
ADCY4,0,0,0
ADCY5,0,0,0
ADCY6,0,0,0
ADCY7,0,0,0
ADCY8,0,0,0
ADCY9,0,0,0
ADCY10,0,0,0
ADCY10P1,0,0,0
ADCYAP1,0,0,0
ADCYAP1R1,0,0,0
ADD1,0,0,0
ADD2,0,0,0
ADD3,0,0,0
ADD3-AS1,0,0,0
ADFN,0,0,0
ADGB,0,0,0
ADGRA1,0,0,0
ADGRA1-AS1,0,0,0
ADGRA2,0,0,0
ADGRA3,0,0,0
ADGRB1,0,0,0
ADGRB2,0,0,0
ADGRB3,0,0,0
ADGRD1,0,0,0
ADGRD2,0,0,0
ADGRE1,0,0,0
ADGRE2,0,0,0
ADGRE3,0,0,0
ADGRE4P,0,0,0
ADGRE5,0,0,0
ADGRF1,0,0,0
ADGRF2,0,0,0
ADGRF3,0,0,0
ADGRF4,0,0,0
ADGRF5,0,0,0
ADGRF5P1,0,0,0
ADGRF5P2,0,0,0
ADGRG1,0,0,0
ADGRG2,0,0,0
ADGRG3,0,0,0
ADGRG4,0,0,0
ADGRG5,0,0,0
ADGRG6,0,0,0
ADGRG7,0,0,0
ADGRL1,0,0,0
ADGRL2,0,0,0
ADGRL3,0,0,0
ADGRL3-AS1,0,0,0
ADGRL4,0,0,0
ADGRV1,0,0,0
ADH1A,0,0,0
ADH1B,0,0,0
ADH1C,0,0,0
ADH4,0,0,0
ADH5,0,0,0
ADH5P2,0,0,0
ADH5P3,0,0,0
ADH5P4,0,0,0
ADH6,0,0,0
ADH7,0,0,0
ADHFE1,0,0,0
ADI1,0,0,0
ADIG,0,0,0
ADIPOQ,0,1,0
ADIPOQ-AS1,0,0,0
ADIPOR1,0,0,0
ADIPOR1P1,0,0,0
ADIPOR1P2,0,0,0
ADIPOR2,0,0,0
ADIRF,0,0,0
ADIRF-AS1,0,0,0
ADK,0,0,0
ADM,28,0,0
ADM2,0,0,0
ADM5,0,0,0
ADNP,0,0,0
ADNP-AS1,0,0,0
ADNP2,0,0,0
ADO,4,0,0
ADORA1,0,0,0
ADORA2A,2,0,0
ADORA2A-AS1,0,0,0
ADORA2B,0,0,0
ADORA2BP1,0,0,0
ADORA3,0,0,0
ADPGK,0,0,0
ADPGK-AS1,0,0,0
ADPRH,0,0,0
ADPRHL1,0,0,0
ADPRHL2,0,0,0
ADPRM,0,0,0
ADRA1A,0,0,0
ADRA1B,0,0,0
ADRA1D,0,0,0
ADRA2A,0,0,0
ADRA2B,0,0,0
ADRA2C,0,0,0
ADRB1,0,0,0
ADRB2,0,0,0
ADRB3,8,0,0
ADRBK1,0,0,0
ADRBK2,0,0,0
ADRM1,0,0,0
ADSL,0,0,0
ADSS,0,0,0
ADSSL1,0,0,0
ADTRP,0,0,0
AEBP1,0,0,0
AEBP2,0,0,0
AEN,0,0,0
AES,64,25,20
AF8T,0,0,0
AFA,0,0,0
AFAP1,0,0,0
AFAP1-AS1,0,0,0
AFAP1L1,0,0,0
AFAP1L2,0,0,0
AFD1,0,0,0
AFF1,0,0,0
AFF2,0,0,1
AFF2-IT1,0,0,0
AFF3,0,0,0
AFF4,0,0,0
AFG3L1P,0,0,0
AFG3L2,0,0,0
AFG3L2P1,0,0,0
AFM,10,0,2
AFMID,0,0,0
AFP,12,10,0
AFTPH,0,0,0
AGA,12,0,0
AGAP1,0,0,0
AGAP1-IT1,0,0,0
AGAP2,0,0,0
AGAP2-AS1,0,0,0
AGAP3,0,0,0
AGAP4,0,0,0
AGAP5,0,0,0
AGAP6,0,0,0
AGAP7P,0,0,0
AGAP9,0,0,0
AGAP10P,0,0,0
AGAP11,0,0,0
AGBL1,0,0,0
AGBL1-AS1,0,0,0
AGBL2,0,0,0
AGBL3,0,0,0
AGBL4,0,0,0
AGBL4-IT1,0,0,0
AGBL5,0,0,0
AGBL5-AS1,0,0,0
AGBL5-IT1,0,0,0
AGER,0,0,0
AGFG1,0,0,0
AGFG2,0,0,0
AGGF1,2,0,0
AGGF1P1,0,0,0
AGGF1P2,0,0,0
AGGF1P3,0,0,0
AGGF1P4,0,0,0
AGGF1P5,0,0,0
AGGF1P6,0,0,0
AGGF1P7,0,0,0
AGGF1P8,0,0,0
AGGF1P9,0,0,0
AGGF1P10,0,0,0
AGK,0,0,0
AGKP1,0,0,0
AGL,8,0,0
AGMAT,0,0,0
AGMO,0,0,0
AGMX2,0,0,0
AGO1,0,0,0
AGO2,12,0,1
AGO3,0,0,0
AGO4,0,0,0
AGPAT1,0,0,0
AGPAT2,0,0,0
AGPAT3,0,0,0
AGPAT4,0,0,0
AGPAT4-IT1,0,0,0
AGPAT5,0,0,0
AGPAT5P1,0,0,0
AGPS,0,0,0
AGR2,0,1,0
AGR3,0,0,0
AGRN,0,0,0
AGRP,0,0,0
AGT,2,0,0
AGTPBP1,0,0,0
AGTR1,0,0,0
AGTR2,0,0,0
AGTRAP,0,0,0
AGXT,0,0,0
AGXT2,0,0,0
AHCTF1,0,0,0
AHCTF1P1,0,0,0
AHCY,0,0,0
AHCYL1,0,0,0
AHCYL2,0,0,0
AHCYP1,0,0,0
AHCYP2,0,0,0
AHCYP3,0,0,0
AHCYP4,0,0,0
AHCYP5,0,0,0
AHCYP6,0,0,0
AHCYP7,0,0,0
AHCYP8,0,0,0
AHDC1,0,0,0
AHI1,0,0,0
AHNAK,0,0,2
AHNAK2,0,0,0
AHR,10,5,8
AHRR,0,0,0
AHSA1,0,0,0
AHSA2,0,0,0
AHSG,0,0,0
AHSP,0,0,0
AIC,16,0,0
AICDA,0,0,0
AIDA,0,0,0
AIF1,0,0,0
AIF1L,0,0,0
AIFM1,0,0,0
AIFM1P1,0,0,0
AIFM2,0,0,0
AIFM3,0,0,0
AIG1,0,0,0
AIG1P1,0,0,0
AIH3,0,0,0
AIM1,2,0,0
AIM1L,0,0,0
AIM2,0,0,0
AIMP1,0,0,0
AIMP1P1,0,0,0
AIMP1P2,0,0,0
AIMP2,0,0,0
AIP,8,0,15
AIPL1,0,0,0
AIRE,0,0,0
AIRN,0,0,0
AIS1,0,0,0
AIS2,0,0,0
AIS3,0,0,0
AJAP1,0,0,0
AJUBA,0,0,0
AK1,0,0,0
AK2,0,0,0
AK2P1,0,0,0
AK2P2,0,0,0
AK3,0,0,0
AK3P2,0,0,0
AK3P3,0,0,0
AK3P4,0,0,0
AK3P5,0,0,0
AK3P6,0,0,0
AK4,0,0,0
AK4P1,0,0,0
AK4P2,0,0,0
AK4P3,0,0,0
AK4P4,0,0,0
AK4P5,0,0,0
AK4P6,0,0,0
AK5,0,0,0
AK6,0,0,0
AK6P1,0,0,0
AK6P2,0,0,0
AK7,0,0,0
AK8,0,0,0
AK9,0,0,0
AKAP1,0,0,0
AKAP2,0,0,0
AKAP3,0,0,0
AKAP4,0,0,0
AKAP5,0,0,0
AKAP6,0,0,0
AKAP7,0,0,0
AKAP8,0,0,0
AKAP8L,0,0,0
AKAP8P1,0,0,0
AKAP9,0,0,0
AKAP10,0,0,0
AKAP11,0,0,0
AKAP12,0,0,1
AKAP13,0,0,0
AKAP14,0,0,0
AKAP17A,0,0,0
AKAP17BP,0,0,0
AKIP1,0,0,0
AKIRIN1,0,0,0
AKIRIN1P1,0,0,0
AKIRIN1P2,0,0,0
AKIRIN2,0,0,0
AKIRIN2P1,0,0,0
AKNA,0,0,0
AKNAD1,0,0,0
AKR1A1,0,0,0
AKR1B1,0,0,0
AKR1B1P1,0,0,0
AKR1B1P2,0,0,0
AKR1B1P3,0,0,0
AKR1B1P4,0,0,0
AKR1B1P5,0,0,0
AKR1B1P6,0,0,0
AKR1B1P7,0,0,0
AKR1B1P8,0,0,0
AKR1B10,8,2,0
AKR1B10P1,0,0,0
AKR1B10P2,0,0,0
AKR1B15,0,0,0
AKR1C1,0,1,0
AKR1C2,0,1,0
AKR1C3,0,0,0
AKR1C4,0,0,0
AKR1C5P,0,0,0
AKR1C6P,0,0,0
AKR1C7P,0,0,0
AKR1C8P,0,0,0
AKR1D1,0,0,0
AKR1D1P1,0,0,0
AKR1E2,0,0,0
AKR7A2,0,0,0
AKR7A2P1,0,0,0
AKR7A3,0,0,0
AKR7L,0,0,0
AKT1,6,21,4
AKT1S1,0,0,0
AKT2,4,1,6
AKT3,2,1,3
AKT3-IT1,0,0,0
AKTIP,0,0,0
ALAD,0,0,0
ALAS1,0,0,0
ALAS2,0,0,0
ALB,8,0,0
ALCAM,2,0,0
ALDH1A1,8,1,0
ALDH1A2,0,0,0
ALDH1A3,2,0,0
ALDH1B1,0,0,0
ALDH1L1,0,0,0
ALDH1L1-AS1,0,0,0
ALDH1L1-AS2,0,0,0
ALDH1L2,0,0,0
ALDH2,16,1,0
ALDH3A1,0,0,0
ALDH3A2,0,0,1
ALDH3B1,0,0,0
ALDH3B2,0,0,0
ALDH4A1,0,0,0
ALDH5A1,0,0,0
ALDH6A1,0,0,0
ALDH7A1,0,0,0
ALDH7A1P1,0,0,0
ALDH7A1P2,0,0,0
ALDH7A1P3,0,0,0
ALDH7A1P4,0,0,0
ALDH8A1,0,0,0
ALDH9A1,0,0,0
ALDH16A1,0,0,0
ALDH18A1,0,0,0
ALDOA,0,0,0
ALDOAP1,0,0,0
ALDOAP2,0,0,0
ALDOB,0,0,0
ALDOC,0,0,0
ALG1,0,0,0
ALG1L,0,0,0
ALG1L2,0,0,0
ALG1L3P,0,0,0
ALG1L5P,0,0,0
ALG1L6P,0,0,0
ALG1L7P,0,0,0
ALG1L8P,0,0,0
ALG1L9P,0,0,0
ALG1L10P,0,0,0
ALG1L11P,0,0,0
ALG1L12P,0,0,0
ALG1L13P,0,0,0
ALG1L14P,0,0,0
ALG1L15P,0,0,0
ALG2,0,0,0
ALG3,0,0,0
ALG3P1,0,0,0
ALG5,0,0,0
ALG6,0,0,0
ALG8,0,0,0
ALG9,0,0,0
ALG9-IT1,0,0,0
ALG10,0,0,0
ALG10B,0,0,0
ALG11,0,0,0
ALG12,0,0,0
ALG13,0,0,0
ALG13-AS1,0,0,0
ALG14,0,0,0
ALK,26,148,24
ALKBH1,0,0,0
ALKBH2,2,0,0
ALKBH3,0,0,0
ALKBH3-AS1,0,0,0
ALKBH4,0,0,0
ALKBH5,0,0,0
ALKBH6,0,0,0
ALKBH7,0,0,0
ALKBH8,0,0,0
ALLC,0,0,0
ALMS1,0,0,0
ALMS1-IT1,0,0,0
ALMS1P,0,0,0
ALOX5,0,0,0
ALOX5AP,0,0,0
ALOX12,0,0,0
ALOX12-AS1,0,0,0
ALOX12B,0,0,0
ALOX12P1,0,0,0
ALOX12P2,0,0,0
ALOX15,0,0,3
ALOX15B,0,0,0
ALOX15P1,0,0,0
ALOX15P2,0,0,0
ALOXE3,0,0,0
ALOXE3P1,0,0,0
ALPI,0,0,0
ALPK1,0,0,0
ALPK2,0,0,0
ALPK3,0,0,0
ALPL,0,0,0
ALPP,8,0,0
ALPPL2,0,0,0
ALPPP,0,0,0
ALS2,0,0,0
ALS2CL,0,0,0
ALS2CR11,0,0,0
ALS2CR12,0,0,0
ALS3,0,0,0
ALS5,0,0,0
ALS7,0,0,0
ALX1,0,0,0
ALX3,0,0,0
ALX4,0,0,0
ALYREF,0,0,0
AMACR,8,0,0
AMBN,0,0,0
AMBP,8,0,0
AMBRA1,0,0,0
AMCN,0,0,0
AMD1,0,0,0
AMD1P1,0,0,0
AMD1P2,0,0,0
AMD1P3,0,0,0
AMD1P4,0,0,0
AMDHD1,0,0,0
AMDHD2,0,0,0
AMELX,0,0,0
AMELY,0,0,0
AMER1,0,0,0
AMER2,0,0,0
AMER3,0,0,0
AMFR,0,0,0
AMH,8,0,0
AMHR2,0,0,0
AMICA1,0,0,0
AMIGO1,0,0,0
AMIGO2,0,0,0
AMIGO3,0,0,0
AMLCR2,0,0,0
AMMECR1,0,0,0
AMMECR1-IT1,0,0,0
AMMECR1L,0,0,0
AMMECR1LP1,0,0,0
AMN,0,0,0
AMN1,0,0,0
AMOT,0,1,0
AMOTL1,0,0,0
AMOTL2,0,0,1
AMPD1,0,0,0
AMPD2,0,0,0
AMPD3,0,0,0
AMPH,0,0,0
AMT,0,0,0
AMTN,0,0,0
AMY1A,0,0,0
AMY1B,0,0,0
AMY1C,0,0,0
AMY2A,0,0,0
AMY2B,0,0,0
AMYP1,0,0,0
AMZ1,0,0,0
AMZ2,0,0,0
AMZ2P1,0,0,0
AMZ2P2,0,0,0
ANAPC1,0,0,0
ANAPC1P1,0,0,0
ANAPC2,0,0,0
ANAPC4,0,0,0
ANAPC5,0,0,0
ANAPC7,0,0,0
ANAPC10,0,0,0
ANAPC10P1,0,0,0
ANAPC11,0,0,0
ANAPC13,0,0,0
ANAPC15,0,0,0
ANAPC16,0,0,0
ANCR,0,0,0
ANG,32,1,0
ANGEL1,0,0,0
ANGEL2,0,0,0
ANGPT1,0,0,0
ANGPT2,0,1,0
ANGPT4,0,0,0
ANGPTL1,0,0,0
ANGPTL2,0,1,0
ANGPTL3,0,0,0
ANGPTL4,0,0,0
ANGPTL5,0,1,0
ANGPTL6,0,0,0
ANGPTL7,0,2,0
ANGPTL8,0,0,0
ANHX,0,0,0
ANIB1,0,0,0
ANIB2,0,0,0
ANIB3,0,0,0
ANIB4,0,0,0
ANK1,0,0,0
ANK2,0,1,0
ANK3,0,0,0
ANKAR,0,0,0
ANKDD1A,0,0,0
ANKDD1B,0,0,0
ANKEF1,0,0,0
ANKFN1,0,0,0
ANKFY1,0,0,0
ANKH,0,0,0
ANKHD1,0,0,0
ANKHD1-EIF4EBP3,0,0,0
ANKIB1,0,0,0
ANKK1,0,0,0
ANKLE1,0,0,0
ANKLE2,0,0,0
ANKMY1,0,0,0
ANKMY2,0,0,0
ANKRA2,0,0,0
ANKRD1,0,0,0
ANKRD2,0,0,0
ANKRD6,0,0,0
ANKRD7,0,0,0
ANKRD9,0,0,0
ANKRD10,0,0,0
ANKRD10-IT1,0,0,0
ANKRD11,0,0,0
ANKRD12,0,0,0
ANKRD13A,0,0,0
ANKRD13B,0,0,0
ANKRD13C,0,0,0
ANKRD13D,0,0,0
ANKRD16,0,0,0
ANKRD17,0,0,0
ANKRD18A,0,0,0
ANKRD18B,0,1,0
ANKRD18CP,0,0,0
ANKRD18DP,0,0,0
ANKRD18EP,0,0,0
ANKRD19P,0,0,0
ANKRD20A1,0,0,0
ANKRD20A2,0,0,0
ANKRD20A3,0,0,0
ANKRD20A4,0,0,0
ANKRD20A5P,0,0,0
ANKRD20A6P,0,0,0
ANKRD20A7P,0,0,0
ANKRD20A8P,0,0,0
ANKRD20A9P,0,0,0
ANKRD20A10P,0,0,0
ANKRD20A11P,0,0,0
ANKRD20A12P,0,0,0
ANKRD20A13P,0,0,0
ANKRD20A14P,0,0,0
ANKRD20A15P,0,0,0
ANKRD20A16P,0,0,0
ANKRD20A17P,0,0,0
ANKRD20A18P,0,0,0
ANKRD20A19P,0,0,0
ANKRD20A20P,0,0,0
ANKRD22,0,0,0
ANKRD23,0,0,0
ANKRD24,0,0,0
ANKRD26,0,0,0
ANKRD26P1,0,0,0
ANKRD26P2,0,0,0
ANKRD26P3,0,0,0
ANKRD26P4,0,0,0
ANKRD27,0,0,0
ANKRD28,0,0,0
ANKRD29,0,0,0
ANKRD30A,0,0,0
ANKRD30B,0,0,0
ANKRD30BL,0,0,0
ANKRD30BP1,0,0,0
ANKRD30BP2,0,0,0
ANKRD30BP3,0,0,0
ANKRD31,0,0,0
ANKRD33,0,0,0
ANKRD33B,0,0,0
ANKRD33B-AS1,0,0,0
ANKRD34A,0,0,0
ANKRD34B,0,0,0
ANKRD34C,0,0,0
ANKRD34C-AS1,0,0,0
ANKRD35,0,0,0
ANKRD36,0,0,0
ANKRD36B,0,0,0
ANKRD36BP1,0,0,0
ANKRD36BP2,0,0,0
ANKRD36C,0,0,0
ANKRD36P1,0,0,0
ANKRD37,0,0,0
ANKRD39,0,0,0
ANKRD40,0,0,0
ANKRD42,0,0,0
ANKRD44,0,0,0
ANKRD44-IT1,0,0,0
ANKRD45,0,0,0
ANKRD46,0,0,0
ANKRD49,0,0,0
ANKRD50,0,0,0
ANKRD52,0,0,0
ANKRD53,0,0,0
ANKRD54,0,0,0
ANKRD54P1,0,0,0
ANKRD55,0,0,0
ANKRD57P1,0,0,0
ANKRD60,0,0,0
ANKRD61,0,0,0
ANKRD62,0,0,0
ANKRD62P1,0,0,0
ANKRD62P1-PARP4P3,0,0,0
ANKRD63,0,0,0
ANKRD65,0,0,0
ANKRD66,0,0,0
ANKS1A,0,0,0
ANKS1B,0,0,0
ANKS3,0,0,0
ANKS4B,0,0,0
ANKS6,0,0,0
ANKUB1,0,0,0
ANKZF1,0,0,0
ANLN,2,0,0
ANO1,0,0,0
ANO1-AS1,0,0,0
ANO1-AS2,0,0,0
ANO2,0,0,0
ANO3,0,0,0
ANO4,0,0,0
ANO5,0,0,0
ANO6,0,0,0
ANO7,0,0,0
ANO7P1,0,0,0
ANO8,0,0,0
ANO9,0,0,0
ANO10,0,0,0
ANOP1,0,0,0
ANOS1,0,0,0
ANOS2P,0,0,0
ANP32A,0,0,0
ANP32A-IT1,0,0,0
ANP32AP1,0,0,0
ANP32B,0,0,0
ANP32BP1,0,0,0
ANP32BP2,0,0,0
ANP32BP3,0,0,0
ANP32C,0,0,0
ANP32D,0,0,0
ANP32E,0,0,0
ANPEP,0,0,0
ANTXR1,0,0,0
ANTXR2,0,0,0
ANTXRL,0,0,0
ANTXRLP1,0,0,0
ANXA1,10,1,1
ANXA2,8,1,0
ANXA2P1,0,0,0
ANXA2P2,0,0,0
ANXA2P3,0,0,0
ANXA2R,0,0,0
ANXA3,0,0,0
ANXA4,0,0,0
ANXA5,4,0,0
ANXA6,0,0,0
ANXA7,0,0,0
ANXA8,0,0,0
ANXA8L1,0,0,0
ANXA9,0,0,0
ANXA10,0,0,0
ANXA11,0,0,0
ANXA13,0,0,0
AOAH,0,0,0
AOAH-IT1,0,0,0
AOC1,0,0,0
AOC2,0,0,0
AOC3,0,0,0
AOC4P,0,0,0
AOX1,0,0,0
AOX2P,0,0,0
AOX3P,0,0,0
AP1AR,0,0,0
AP1B1,0,0,0
AP1B1P1,0,0,0
AP1B1P2,0,0,0
AP1G1,0,0,0
AP1G2,0,0,0
AP1M1,0,0,0
AP1M2,0,0,0
AP1S1,0,0,0
AP1S2,0,0,0
AP1S2P1,0,0,0
AP1S3,0,0,0
AP2A1,0,0,0
AP2A2,0,0,0
AP2B1,0,0,0
AP2M1,0,0,0
AP2S1,0,0,0
AP3B1,0,0,0
AP3B2,0,0,0
AP3D1,0,0,0
AP3M1,0,0,0
AP3M2,0,0,0
AP3S1,0,0,0
AP3S2,0,0,0
AP4B1,0,0,0
AP4B1-AS1,0,0,0
AP4E1,0,0,0
AP4M1,0,0,0
AP4S1,0,0,0
AP5B1,0,0,0
AP5M1,0,0,0
AP5S1,0,0,0
AP5Z1,0,0,0
APAF1,0,0,1
APBA1,0,0,0
APBA2,0,0,0
APBA3,0,0,0
APBB1,0,0,0
APBB1IP,0,0,0
APBB2,0,0,0
APBB3,0,0,0
APC,46,14,10
APC2,0,0,0
APCDD1,0,0,0
APCDD1L,0,0,0
APCDD1L-AS1,0,0,0
APCS,16,0,1
APEH,0,0,0
APELA,0,0,0
APEX1,0,1,0
APEX2,0,0,0
APH1A,0,0,0
APH1B,0,0,0
API5,0,0,1
API5P1,0,0,0
API5P2,0,0,0
APIP,0,0,0
APITD1,0,0,0
APITD1-CORT,0,0,0
APLF,0,0,0
APLN,0,0,0
APLNR,0,0,0
APLP1,0,0,0
APLP2,0,0,1
APMAP,0,0,0
APOA1,6,0,3
APOA1-AS,0,0,0
APOA1BP,0,0,0
APOA2,6,0,0
APOA4,0,0,3
APOA5,0,1,3
APOB,4,0,0
APOBEC1,0,0,0
APOBEC2,0,0,0
APOBEC3A,2,0,0
APOBEC3AP1,0,0,0
APOBEC3A_B,0,0,0
APOBEC3B,8,0,0
APOBEC3B-AS1,0,0,0
APOBEC3C,0,0,0
APOBEC3D,0,0,0
APOBEC3F,0,0,0
APOBEC3G,0,0,0
APOBEC3H,0,0,0
APOBEC4,0,0,0
APOBR,0,0,0
APOC1,0,0,0
APOC1P1,0,0,0
APOC2,4,0,0
APOC3,4,0,3
APOC4,0,0,0
APOC4-APOC2,0,0,0
APOD,0,0,0
APOE,40,0,1
APOF,0,0,0
APOH,0,0,0
APOL1,0,0,0
APOL2,0,0,0
APOL3,0,0,0
APOL4,0,0,0
APOL5,0,0,0
APOL6,0,0,0
APOLD1,0,0,0
APOM,0,0,0
APOO,0,0,0
APOOL,0,0,0
APOOP1,0,0,0
APOOP2,0,0,0
APOOP3,0,0,0
APOOP4,0,0,0
APOOP5,0,0,0
APOPT1,0,0,0
APP,0,2,2
APPBP2,0,0,0
APPL1,0,0,0
APPL2,0,0,0
APRT,0,0,0
APTR,0,0,0
APTX,0,0,0
AQP1,10,0,1
AQP2,0,0,0
AQP3,2,0,0
AQP4,0,0,2
AQP4-AS1,0,0,0
AQP5,0,0,0
AQP6,0,0,0
AQP7,0,0,0
AQP7P1,0,0,0
AQP7P2,0,0,0
AQP7P3,0,0,0
AQP7P4,0,0,0
AQP7P5,0,0,0
AQP8,0,0,0
AQP9,0,0,0
AQP10,0,0,0
AQP11,0,0,0
AQP12A,0,0,0
AQP12B,0,0,0
AQR,0,0,0
AR,100,1,5
ARAF,0,0,0
ARAFP1,0,0,0
ARAFP2,0,0,0
ARAFP3,0,0,0
ARAP1,0,0,0
ARAP1-AS1,0,0,0
ARAP1-AS2,0,0,0
ARAP2,0,0,0
ARAP3,0,0,0
ARC,268,29,36
ARCN1,0,0,0
AREG,0,1,1
AREL1,0,0,0
ARF1,0,0,0
ARF1P1,0,0,0
ARF1P2,0,0,0
ARF1P3,0,0,0
ARF3,0,0,0
ARF4,0,0,0
ARF4-AS1,0,0,0
ARF4P1,0,0,0
ARF4P2,0,0,0
ARF4P3,0,0,0
ARF4P4,0,0,0
ARF4P5,0,0,0
ARF5,0,0,0
ARF6,0,0,0
ARFGAP1,0,0,0
ARFGAP2,0,0,0
ARFGAP3,0,0,0
ARFGEF1,0,0,0
ARFGEF2,0,0,0
ARFGEF3,0,0,0
ARFIP1,0,0,0
ARFIP2,0,0,0
ARFRP1,0,0,0
ARG1,0,0,0
ARG2,0,0,0
ARGFX,0,0,0
ARGFXP1,0,0,0
ARGFXP2,0,0,0
ARGLU1,0,0,0
ARHGAP1,0,0,0
ARHGAP4,0,0,0
ARHGAP5,0,0,0
ARHGAP5-AS1,0,0,0
ARHGAP6,0,0,0
ARHGAP8,0,0,0
ARHGAP9,0,0,0
ARHGAP10,0,0,0
ARHGAP11A,0,0,0
ARHGAP11B,0,0,0
ARHGAP12,0,0,0
ARHGAP15,0,0,0
ARHGAP16P,0,0,0
ARHGAP17,0,0,0
ARHGAP18,0,0,0
ARHGAP19,0,0,0
ARHGAP19-SLIT1,0,0,0
ARHGAP20,0,0,0
ARHGAP21,0,0,0
ARHGAP22,0,0,0
ARHGAP22-IT1,0,0,0
ARHGAP23,0,0,0
ARHGAP23P1,0,0,0
ARHGAP24,0,0,0
ARHGAP25,0,0,0
ARHGAP26,0,0,0
ARHGAP26-AS1,0,0,0
ARHGAP26-IT1,0,0,0
ARHGAP27,0,0,0
ARHGAP28,0,0,0
ARHGAP29,0,0,0
ARHGAP30,0,0,0
ARHGAP31,0,0,0
ARHGAP31-AS1,0,0,0
ARHGAP32,0,0,0
ARHGAP33,0,0,0
ARHGAP35,0,0,0
ARHGAP36,0,0,0
ARHGAP39,0,0,0
ARHGAP40,0,0,0
ARHGAP42,0,0,0
ARHGAP42P1,0,0,0
ARHGAP42P2,0,0,0
ARHGAP42P3,0,0,0
ARHGAP42P4,0,0,0
ARHGAP42P5,0,0,0
ARHGAP44,0,0,0
ARHGDIA,0,0,0
ARHGDIB,0,0,0
ARHGDIG,0,0,0
ARHGEF1,0,0,0
ARHGEF2,0,0,0
ARHGEF3,0,0,0
ARHGEF3-AS1,0,0,0
ARHGEF4,2,0,0
ARHGEF5,0,0,0
ARHGEF6,0,0,0
ARHGEF7,0,0,0
ARHGEF7-AS1,0,0,0
ARHGEF7-AS2,0,0,0
ARHGEF7-IT1,0,0,0
ARHGEF9,0,0,0
ARHGEF9-IT1,0,0,0
ARHGEF10,0,0,0
ARHGEF10L,0,0,0
ARHGEF11,0,0,0
ARHGEF12,0,0,0
ARHGEF15,0,0,0
ARHGEF16,0,0,0
ARHGEF17,0,0,0
ARHGEF18,0,0,0
ARHGEF19,0,0,0
ARHGEF19-AS1,0,0,0
ARHGEF25,0,0,0
ARHGEF26,0,0,0
ARHGEF26-AS1,0,0,0
ARHGEF28,0,0,0
ARHGEF33,0,0,0
ARHGEF34P,0,0,0
ARHGEF35,0,0,0
ARHGEF37,0,0,0
ARHGEF38,0,0,0
ARHGEF38-IT1,0,0,0
ARHGEF39,0,0,0
ARHGEF40,0,0,0
ARID1A,6,1,0
ARID1B,0,0,4
ARID2,0,1,0
ARID3A,0,0,4
ARID3B,0,0,0
ARID3C,0,0,0
ARID4A,0,0,0
ARID4B,0,0,0
ARID4B-IT1,0,0,0
ARID5A,0,0,0
ARID5B,0,0,0
ARIH1,0,0,0
ARIH2,0,0,0
ARIH2OS,0,0,0
ARIH2P1,0,0,0
ARL1,0,0,0
ARL2,0,0,0
ARL2-SNX15,0,0,0
ARL2BP,0,0,0
ARL2BPP1,0,0,0
ARL2BPP2,0,0,0
ARL2BPP3,0,0,0
ARL2BPP4,0,0,0
ARL2BPP5,0,0,0
ARL2BPP6,0,0,0
ARL2BPP7,0,0,0
ARL2BPP8,0,0,0
ARL2BPP9,0,0,0
ARL2BPP10,0,0,0
ARL3,0,0,0
ARL4A,0,0,1
ARL4AP1,0,0,0
ARL4AP2,0,0,0
ARL4C,0,0,0
ARL4D,0,0,0
ARL5A,0,0,0
ARL5AP1,0,0,0
ARL5AP2,0,0,0
ARL5AP3,0,0,0
ARL5AP4,0,0,0
ARL5B,0,0,0
ARL5C,0,0,0
ARL6,0,0,0
ARL6IP1,0,0,0
ARL6IP1P1,0,0,0
ARL6IP1P2,0,0,0
ARL6IP1P3,0,0,0
ARL6IP4,0,0,0
ARL6IP5,0,0,0
ARL6IP6,0,0,0
ARL8A,0,0,0
ARL8B,0,0,0
ARL9,0,0,0
ARL10,0,0,0
ARL11,0,0,0
ARL13A,0,0,0
ARL13B,0,0,0
ARL14,0,0,0
ARL14EP,0,0,0
ARL14EPL,0,0,0
ARL15,0,0,0
ARL16,0,0,0
ARL17A,0,0,0
ARL17B,0,0,0
ARMC1,0,0,0
ARMC2,0,0,0
ARMC2-AS1,0,0,0
ARMC3,0,0,0
ARMC4,0,0,0
ARMC4P1,0,0,0
ARMC5,0,0,0
ARMC6,0,0,0
ARMC7,0,0,0
ARMC8,0,0,0
ARMC8P1,0,0,0
ARMC9,0,0,0
ARMC10,0,0,0
ARMC10P1,0,0,0
ARMC12,0,0,0
ARMCX1,0,0,0
ARMCX2,0,0,0
ARMCX3,0,0,0
ARMCX3-AS1,0,0,0
ARMCX4,0,0,0
ARMCX5,0,0,0
ARMCX5-GPRASP2,0,0,0
ARMCX6,0,0,0
ARMCX7P,0,0,0
ARMS2,0,0,0
ARMT1,0,0,0
ARNT,0,0,2
ARNT2,0,1,0
ARNTL,0,0,0
ARNTL2,0,0,0
ARNTL2-AS1,0,0,0
ARPC1A,0,0,0
ARPC1B,0,0,0
ARPC2,0,0,0
ARPC3,0,0,0
ARPC3P1,0,0,0
ARPC3P2,0,0,0
ARPC3P3,0,0,0
ARPC3P4,0,0,0
ARPC3P5,0,0,0
ARPC4,0,0,0
ARPC4-TTLL3,0,0,0
ARPC5,0,0,0
ARPC5L,0,0,0
ARPIN,0,0,0
ARPP19,0,0,0
ARPP21,0,0,1
ARPP21-AS1,0,0,0
ARR3,0,0,0
ARRB1,0,0,0
ARRB2,0,0,0
ARRDC1,0,0,0
ARRDC1-AS1,0,0,0
ARRDC2,0,0,0
ARRDC3,0,0,0
ARRDC3-AS1,0,0,0
ARRDC4,0,0,0
ARRDC5,0,0,0
ARSA,0,0,0
ARSB,0,0,0
ARSC2,0,0,0
ARSD,0,0,0
ARSD-AS1,0,0,0
ARSDP1,0,0,0
ARSE,0,0,0
ARSEP1,0,0,0
ARSF,0,0,0
ARSFP1,0,0,0
ARSG,0,0,0
ARSH,0,0,0
ARSI,0,0,0
ARSJ,0,0,0
ARSK,0,0,0
ART1,0,0,0
ART2BP,0,0,0
ART2P,0,0,0
ART3,0,0,0
ART4,0,0,0
ART5,0,0,0
ARTN,0,0,0
ARV1,0,0,0
ARVCF,0,1,0
ARVD3,0,0,0
ARVD4,0,0,0
ARX,0,0,0
AS3MT,10,0,0
ASAH1,0,0,0
ASAH2,0,0,0
ASAH2B,0,0,0
ASAP1,0,0,0
ASAP1-IT1,0,0,0
ASAP1-IT2,0,0,0
ASAP2,0,0,0
ASAP3,0,0,0
ASB1,0,0,0
ASB2,0,0,0
ASB3,0,0,0
ASB4,0,0,0
ASB5,0,0,0
ASB6,0,0,0
ASB7,0,0,0
ASB8,0,0,0
ASB9,0,0,0
ASB9P1,0,0,0
ASB10,0,0,0
ASB11,0,0,0
ASB12,0,0,0
ASB13,0,0,0
ASB14,0,0,0
ASB15,0,0,0
ASB16,0,0,0
ASB16-AS1,0,0,0
ASB17,0,0,0
ASB18,0,0,0
ASCC1,0,0,0
ASCC2,0,0,0
ASCC3,0,0,0
ASCL1,0,0,6
ASCL2,0,0,0
ASCL3,0,0,0
ASCL4,0,0,0
ASCL5,0,0,0
ASD1,0,0,0
ASF1A,0,0,0
ASF1B,0,0,0
ASGR1,0,0,0
ASGR2,0,0,0
ASH1L,0,0,0
ASH1L-AS1,0,0,0
ASH1L-IT1,0,0,0
ASH2L,0,0,0
ASH2LP1,0,0,0
ASIC1,8,0,0
ASIC2,0,0,0
ASIC3,0,0,0
ASIC4,0,0,0
ASIC5,0,0,0
ASIP,0,0,0
ASL,0,0,5
ASLP1,0,0,0
ASMT,0,0,0
ASMTL,0,0,0
ASMTL-AS1,0,0,0
ASNA1,0,0,0
ASNS,0,0,0
ASNSD1,0,0,0
ASNSP1,0,0,0
ASNSP2,0,0,0
ASNSP3,0,0,0
ASNSP4,0,0,0
ASNSP5,0,0,0
ASNSP6,0,0,0
ASPA,0,0,0
ASPDH,0,0,0
ASPG,0,0,0
ASPH,0,0,0
ASPHD1,0,0,0
ASPHD2,0,0,0
ASPM,0,1,0
ASPN,0,0,0
ASPRV1,0,0,0
ASPSCR1,0,0,2
ASRGL1,0,0,0
ASS1,2,0,0
ASS1P1,0,0,0
ASS1P2,0,0,0
ASS1P3,0,0,0
ASS1P4,0,0,0
ASS1P5,0,0,0
ASS1P6,0,0,0
ASS1P7,0,0,0
ASS1P8,0,0,0
ASS1P9,0,0,0
ASS1P10,0,0,0
ASS1P11,0,0,0
ASS1P12,0,0,0
ASS1P13,0,0,0
ASS1P14,0,0,0
ASTE1,0,0,0
ASTL,0,0,0
ASTN1,0,1,0
ASTN2,0,0,0
ASTN2-AS1,0,0,0
ASUN,0,0,0
ASXL1,0,4,0
ASXL2,2,0,0
ASXL3,0,0,0
ASZ1,0,0,0
ATAD1,0,0,0
ATAD2,0,0,0
ATAD2B,0,0,0
ATAD3A,0,0,0
ATAD3B,0,0,0
ATAD3C,0,0,0
ATAD5,0,0,0
ATAT1,0,0,0
ATCAY,0,0,0
ATD,0,0,0
ATE1,0,0,0
ATE1-AS1,0,0,0
ATF1,0,1,0
ATF1P1,0,0,0
ATF2,2,1,1
ATF3,2,0,1
ATF4,4,2,2
ATF4P1,0,0,0
ATF4P2,0,0,0
ATF4P3,0,0,0
ATF4P4,0,0,0
ATF5,0,0,1
ATF6,0,0,0
ATF6B,0,0,0
ATF7,0,0,0
ATF7IP,0,0,0
ATF7IP2,0,0,0
ATG2A,0,0,0
ATG2B,0,0,0
ATG3,0,0,0
ATG3P1,0,0,0
ATG4A,0,0,0
ATG4AP1,0,0,0
ATG4B,0,0,0
ATG4C,0,0,0
ATG4D,0,0,0
ATG5,0,1,1
ATG7,2,0,1
ATG9A,0,0,0
ATG9B,0,0,0
ATG10,0,0,0
ATG10-AS1,0,0,0
ATG10-IT1,0,0,0
ATG12,0,0,0
ATG12P1,0,0,0
ATG12P2,0,0,0
ATG13,0,0,0
ATG14,0,0,0
ATG16L1,0,0,0
ATG16L2,0,0,0
ATG101,0,0,0
ATHL1,0,0,0
ATHS,0,0,0
ATIC,0,0,0
ATL1,0,0,0
ATL2,0,0,0
ATL3,0,0,0
ATM,26,9,8
ATMIN,0,0,0
ATN1,0,0,0
ATOH1,0,1,0
ATOH7,0,0,0
ATOH8,0,0,0
ATOX1,0,0,0
ATP1A1,0,0,0
ATP1A1-AS1,0,0,0
ATP1A2,0,0,0
ATP1A3,0,0,0
ATP1A4,0,0,0
ATP1B1,0,0,0
ATP1B1P1,0,0,0
ATP1B2,0,0,0
ATP1B3,0,0,0
ATP1B3-AS1,0,0,0
ATP1B3P1,0,0,0
ATP1B4,0,0,0
ATP2A1,0,0,0
ATP2A1-AS1,0,0,0
ATP2A2,0,0,0
ATP2A3,0,0,0
ATP2B1,0,0,0
ATP2B2,0,0,0
ATP2B2-IT1,0,0,0
ATP2B2-IT2,0,0,0
ATP2B3,0,0,0
ATP2B4,0,0,0
ATP2C1,0,0,0
ATP2C2,0,0,0
ATP4A,0,0,0
ATP4B,0,0,0
ATP5A1,0,0,0
ATP5A1P1,0,0,0
ATP5A1P2,0,0,0
ATP5A1P3,0,0,0
ATP5A1P4,0,0,0
ATP5A1P5,0,0,0
ATP5A1P7,0,0,0
ATP5A1P8,0,0,0
ATP5A1P10,0,0,0
ATP5B,0,0,0
ATP5BP1,0,0,0
ATP5C1,0,0,0
ATP5C1P1,0,0,0
ATP5D,0,0,0
ATP5E,0,0,0
ATP5EP1,0,0,0
ATP5EP2,0,0,0
ATP5F1,0,0,0
ATP5F1P1,0,0,0
ATP5F1P2,0,0,0
ATP5F1P3,0,0,0
ATP5F1P4,0,0,0
ATP5F1P5,0,0,0
ATP5F1P6,0,0,0
ATP5F1P7,0,0,0
ATP5G1,0,0,0
ATP5G1P1,0,0,0
ATP5G1P2,0,0,0
ATP5G1P3,0,0,0
ATP5G1P4,0,0,0
ATP5G1P5,0,0,0
ATP5G1P6,0,0,0
ATP5G1P7,0,0,0
ATP5G1P8,0,0,0
ATP5G2,0,0,0
ATP5G2P1,0,0,0
ATP5G2P2,0,0,0
ATP5G2P3,0,0,0
ATP5G2P4,0,0,0
ATP5G3,0,0,0
ATP5H,0,0,0
ATP5HP1,0,0,0
ATP5HP2,0,0,0
ATP5HP3,0,0,0
ATP5HP4,0,0,0
ATP5I,0,0,0
ATP5J,0,0,0
ATP5J2,0,0,0
ATP5J2-PTCD1,0,0,0
ATP5J2LP,0,0,0
ATP5J2P2,0,0,0
ATP5J2P3,0,0,0
ATP5J2P4,0,0,0
ATP5J2P5,0,0,0
ATP5J2P6,0,0,0
ATP5JP1,0,0,0
ATP5L,0,0,0
ATP5L2,0,0,0
ATP5LP1,0,0,0
ATP5LP2,0,0,0
ATP5LP3,0,0,0
ATP5LP4,0,0,0
ATP5LP5,0,0,0
ATP5LP6,0,0,0
ATP5LP7,0,0,0
ATP5LP8,0,0,0
ATP5O,0,0,0
ATP5S,0,0,0
ATP5SL,0,0,0
ATP6AP1,0,0,0
ATP6AP1L,0,0,0
ATP6AP2,0,0,0
ATP6V1A,0,0,0
ATP6V1B1,0,0,0
ATP6V1B1-AS1,0,0,0
ATP6V1B2,2,0,0
ATP6V1C1,0,0,0
ATP6V1C2,0,0,0
ATP6V1D,0,0,0
ATP6V1E1,0,0,0
ATP6V1E1P1,0,0,0
ATP6V1E1P2,0,0,0
ATP6V1E1P3,0,0,0
ATP6V1E2,0,0,0
ATP6V1F,0,0,0
ATP6V1G1,0,0,0
ATP6V1G1P1,0,0,0
ATP6V1G1P2,0,0,0
ATP6V1G1P3,0,0,0
ATP6V1G1P4,0,0,0
ATP6V1G1P5,0,0,0
ATP6V1G1P6,0,0,0
ATP6V1G1P7,0,0,0
ATP6V1G2,0,0,0
ATP6V1G2-DDX39B,0,0,0
ATP6V1G3,0,1,0
ATP6V1H,0,0,0
ATP6V0A1,0,0,0
ATP6V0A2,0,0,0
ATP6V0A4,0,0,0
ATP6V0B,0,0,0
ATP6V0C,0,0,0
ATP6V0CP1,0,0,0
ATP6V0CP2,0,0,0
ATP6V0CP3,0,0,0
ATP6V0CP4,0,0,0
ATP6V0D1,0,0,0
ATP6V0D2,0,0,0
ATP6V0E1,0,0,0
ATP6V0E1P1,0,0,0
ATP6V0E1P2,0,0,0
ATP6V0E1P3,0,0,0
ATP6V0E1P4,0,0,0
ATP6V0E2,0,0,0
ATP6V0E2-AS1,0,0,0
ATP7A,0,0,0
ATP7B,8,0,0
ATP7BP1,0,0,0
ATP8A1,0,0,0
ATP8A2,0,0,0
ATP8A2P1,0,0,0
ATP8A2P2,0,0,0
ATP8A2P3,0,0,0
ATP8B1,0,0,0
ATP8B2,0,0,0
ATP8B3,0,0,0
ATP8B4,0,0,0
ATP8B5P,0,0,0
ATP9A,0,0,0
ATP9B,0,0,0
ATP10A,0,0,0
ATP10B,0,0,0
ATP10D,0,0,0
ATP11A,0,0,0
ATP11A-AS1,0,0,0
ATP11AUN,0,0,0
ATP11B,0,0,0
ATP11C,0,0,0
ATP12A,0,0,0
ATP13A1,0,0,0
ATP13A2,0,0,0
ATP13A3,0,0,0
ATP13A4,0,0,0
ATP13A4-AS1,0,0,0
ATP13A5,0,0,0
ATP13A5-AS1,0,0,0
ATPAF1,0,0,0
ATPAF2,0,0,0
ATPIF1,0,0,0
ATR,6,1,3
ATRAID,0,0,0
ATRIP,0,0,0
ATRN,0,0,0
ATRNL1,0,0,0
ATRX,0,1,9
ATXN1,0,0,1
ATXN1L,0,0,0
ATXN2,0,0,0
ATXN2L,0,0,0
ATXN3,0,0,0
ATXN3L,0,0,0
ATXN7,0,0,0
ATXN7L1,0,0,0
ATXN7L2,0,0,0
ATXN7L3,0,0,0
ATXN7L3B,0,0,0
ATXN8,0,0,0
ATXN8OS,0,0,0
ATXN10,0,0,0
AUH,0,0,0
AUNIP,0,0,0
AUNX1,0,0,0
AUP1,0,0,0
AURKA,2,4,0
AURKAIP1,0,0,0
AURKAPS1,0,0,0
AURKAPS2,0,0,0
AURKB,2,0,0
AURKBPS1,0,0,0
AURKC,0,0,0
AUTS1,0,0,0
AUTS2,0,0,0
AVEN,0,0,0
AVIL,0,0,0
AVL9,0,0,0
AVP,10,1,0
AVPI1,0,0,0
AVPR1A,0,0,0
AVPR1B,0,0,0
AVPR2,0,0,0
AVSD1,0,0,0
AWAT1,0,0,0
AWAT2,0,0,0
AXDND1,0,0,0
AXIN1,0,0,0
AXIN2,0,0,0
AXL,8,0,0
AZF1,0,0,0
AZGP1,0,0,0
AZGP1P1,0,0,0
AZGP1P2,0,0,0
AZI2,0,0,0
AZIN1,0,0,0
AZIN1-AS1,0,0,0
AZIN2,0,0,0
AZU1,0,0,0
AZU1P1,0,0,0
B2M,0,0,0
B2MR,0,0,0
B3GALNT1,0,0,0
B3GALNT1P1,0,0,0
B3GALNT2,0,0,0
B3GALNT2P1,0,0,0
B3GALT1,0,0,0
B3GALT2,0,0,0
B3GALT4,0,0,0
B3GALT5,0,0,0
B3GALT5-AS1,0,0,0
B3GALT6,0,0,0
B3GAT1,0,0,0
B3GAT2,0,0,0
B3GAT3,0,0,0
B3GAT3P1,0,0,0
B3GLCT,0,0,0
B3GNT2,0,0,0
B3GNT2P1,0,0,0
B3GNT3,0,0,0
B3GNT4,0,0,0
B3GNT5,0,0,0
B3GNT6,0,0,0
B3GNT7,0,0,0
B3GNT8,0,0,0
B3GNT9,0,0,0
B3GNTL1,0,0,0
B3GNTL1P1,0,0,0
B3GNTL1P2,0,0,0
B4GALNT1,0,0,0
B4GALNT2,0,0,0
B4GALNT2P1,0,0,0
B4GALNT3,0,0,0
B4GALNT4,0,0,0
B4GALT1,0,0,0
B4GALT1-AS1,0,0,0
B4GALT2,0,0,0
B4GALT3,0,0,0
B4GALT4,0,0,0
B4GALT4-AS1,0,0,0
B4GALT5,0,0,0
B4GALT6,0,0,0
B4GALT7,0,0,0
B4GAT1,0,0,0
B9D1,0,0,0
B9D2,0,0,0
BAALC,0,0,0
BAALC-AS1,0,0,0
BAALC-AS2,0,0,0
BAAT,0,0,0
BAATP1,0,0,0
BABAM1,0,0,0
BACE1,0,0,0
BACE1-AS,0,0,0
BACE2,0,0,0
BACE2-IT1,0,0,0
BACH1,0,0,1
BACH1-AS1,0,0,0
BACH1-IT1,0,0,0
BACH1-IT2,0,0,0
BACH1-IT3,0,0,0
BACH2,0,0,0
BAD,24,8,6
BAG1,0,0,0
BAG2,0,0,0
BAG3,0,0,0
BAG4,0,0,0
BAG5,0,0,0
BAG6,0,0,0
BAGE,0,0,0
BAGE2,0,0,0
BAGE3,0,0,0
BAGE4,0,0,0
BAGE5,0,0,0
BAHCC1,0,0,0
BAHD1,0,0,0
BAIAP2,0,0,0
BAIAP2-AS1,0,0,0
BAIAP2L1,2,0,0
BAIAP2L2,0,0,0
BAIAP3,0,0,0
BAK1,8,0,0
BAK1P1,0,0,0
BAK1P2,0,0,0
BAMBI,0,0,0
BANCR,0,1,0
BANF1,0,0,0
BANF1P1,0,0,0
BANF1P2,0,0,0
BANF1P3,0,0,0
BANF1P4,0,0,0
BANF1P5,0,0,0
BANF2,0,0,0
BANK1,0,0,0
BANP,0,0,0
BAP1,8,10,0
BARD1,0,1,0
BARHL1,0,0,0
BARHL2,0,0,0
BARX1,0,0,0
BARX1-AS1,0,0,0
BARX2,0,0,0
BASP1,0,1,0
BASP1P1,0,0,0
BATF,0,0,0
BATF2,0,0,0
BATF3,0,1,0
BAX,100,30,11
BAZ1A,0,0,0
BAZ1B,0,0,0
BAZ2A,0,0,0
BAZ2B,0,0,0
BBC3,0,0,0
BBIP1,0,0,0
BBOF1,0,0,0
BBOX1,0,0,0
BBOX1-AS1,0,0,0
BBS1,0,0,0
BBS2,0,0,0
BBS4,0,0,0
BBS5,0,0,0
BBS7,0,4,0
BBS9,0,0,0
BBS10,0,0,0
BBS12,0,0,0
BBX,0,0,0
BCAM,0,0,0
BCAN,16,0,0
BCAP29,0,0,0
BCAP31,0,0,0
BCAP31P1,0,0,0
BCAP31P2,0,0,0
BCAR1,0,0,0
BCAR1P1,0,0,0
BCAR1P2,0,0,0
BCAR3,0,0,0
BCAR4,0,0,0
BCAS1,8,0,0
BCAS2,0,0,0
BCAS2P1,0,0,0
BCAS2P2,0,0,0
BCAS2P3,0,0,0
BCAS3,0,0,0
BCAS4,0,0,0
BCAT1,0,0,0
BCAT2,0,0,0
BCCIP,0,0,0
BCDIN3D,0,0,0
BCDIN3D-AS1,0,0,0
BCHE,8,0,0
BCKDHA,0,0,0
BCKDHB,0,0,0
BCKDK,0,0,0
BCL2,24,4,2
BCL2A1,0,0,0
BCL2L1,8,0,0
BCL2L2,0,1,0
BCL2L2-PABPN1,0,0,0
BCL2L10,0,0,0
BCL2L11,2,0,1
BCL2L12,10,0,1
BCL2L12P1,0,0,0
BCL2L13,0,0,0
BCL2L14,0,0,0
BCL2L15,0,0,0
BCL3,0,0,0
BCL5,0,0,0
BCL6,0,0,7
BCL6B,0,0,0
BCL7A,0,0,0
BCL7B,0,0,0
BCL7C,0,0,0
BCL9,0,0,0
BCL9L,0,0,0
BCL9P1,0,0,0
BCL10,0,0,0
BCL11A,0,0,0
BCL11B,0,0,1
BCLAF1,0,0,0
BCLAF1P1,0,0,0
BCLAF1P2,0,0,0
BCO1,0,0,0
BCO2,0,0,0
BCOR,0,7,3
BCORL1,0,4,0
BCORP1,0,0,0
BCR,54,3,0
BCRP1,0,0,0
BCRP2,0,0,0
BCRP3,0,0,0
BCRP4,0,0,0
BCRP5,0,0,0
BCRP6,0,0,0
BCRP7,0,0,0
BCRP8,0,0,0
BCRP9,0,0,0
BCS1L,0,0,0
BCYRN1,0,0,0
BCYRN1P1,0,0,0
BCYRN1P2,0,0,0
BCYRN1P3,0,0,0
BDH1,0,0,0
BDH2,0,0,0
BDH2P1,0,0,0
BDKRB1,0,0,0
BDKRB2,0,0,0
BDNF,0,0,19
BDNF-AS,0,0,0
BDP1,0,1,1
BDP1P,0,0,0
BEAN1,0,0,0
BEAN1-AS1,0,0,0
BECN1,0,0,0
BECN1P2,0,0,0
BECN2,0,0,0
BEGAIN,0,0,0
BEND2,0,0,0
BEND3,0,0,0
BEND3P1,0,0,0
BEND3P2,0,0,0
BEND3P3,0,0,0
BEND4,0,0,0
BEND5,0,0,0
BEND6,0,0,0
BEND7,0,0,0
BEND7P1,0,0,0
BEST1,0,0,0
BEST2,0,0,0
BEST3,0,0,0
BEST4,0,0,0
BET1,0,0,0
BET1L,0,0,0
BET1P1,0,0,0
BEX1,0,0,1
BEX2,0,0,1
BEX4,0,0,0
BEX5,0,0,0
BFAR,2,0,0
BFSP1,0,0,0
BFSP2,0,0,0
BFSP2-AS1,0,0,0
BGLAP,0,0,0
BGLT3,0,0,0
BGN,0,0,0
BHLHA9,0,0,0
BHLHA15,0,0,0
BHLHB9,0,0,0
BHLHB9P1,0,0,0
BHLHE22,0,0,0
BHLHE23,0,0,0
BHLHE40,0,0,0
BHLHE40-AS1,0,0,0
BHLHE41,0,0,0
BHMG1,0,0,0
BHMT,0,0,0
BHMT2,0,0,0
BICC1,0,0,0
BICD1,0,0,0
BICD1P1,0,0,0
BICD2,0,0,0
BID,22,19,8
BIK,0,0,0
BIN1,0,0,0
BIN2,0,0,0
BIN2P1,0,0,0
BIN2P2,0,0,0
BIN3,0,0,0
BIN3-IT1,0,0,0
BIRC2,0,0,0
BIRC3,0,0,1
BIRC5,6,1,0
BIRC6,0,0,0
BIRC6-AS1,0,0,0
BIRC6-AS2,0,0,0
BIRC7,0,0,0
BIRC8,0,0,0
BISPR,0,0,0
BIVM,0,0,0
BIVM-ERCC5,0,0,0
BLACAT1,0,0,0
BLACE,0,0,0
BLCAP,2,0,0
BLID,0,1,0
BLK,0,0,0
BLM,0,1,0
BLMH,0,0,0
BLNK,0,0,0
BLOC1S1,0,0,0
BLOC1S2,0,0,0
BLOC1S2P1,0,0,0
BLOC1S3,0,0,0
BLOC1S4,0,0,0
BLOC1S5,0,0,0
BLOC1S5-TXNDC5,0,0,0
BLOC1S6,0,0,0
BLVRA,0,0,0
BLVRB,0,0,0
BLZF1,0,0,0
BLZF2P,0,0,0
BMF,0,0,0
BMI1,4,1,1
BMI1P1,0,0,0
BMIQ1,0,0,0
BMIQ2,0,0,0
BMIQ3,0,0,0
BMIQ5,0,0,0
BMIQ6,0,0,0
BMP1,0,0,0
BMP2,0,0,0
BMP2K,0,0,0
BMP2KL,0,0,0
BMP3,0,0,0
BMP4,2,0,0
BMP5,0,0,0
BMP6,0,1,0
BMP6P1,0,0,0
BMP7,0,0,0
BMP7-AS1,0,0,0
BMP8A,0,0,0
BMP8B,0,0,0
BMP10,8,0,0
BMP15,0,0,0
BMPER,0,0,0
BMPR1A,0,0,0
BMPR1APS1,0,0,0
BMPR1APS2,0,0,0
BMPR1B,0,0,0
BMPR1B-AS1,0,0,0
BMPR2,0,0,0
BMS1,0,0,0
BMS1P1,0,0,0
BMS1P2,0,0,0
BMS1P3,0,0,0
BMS1P4,0,0,0
BMS1P5,0,0,0
BMS1P6,0,0,0
BMS1P7,0,0,0
BMS1P8,0,0,0
BMS1P9,0,0,0
BMS1P10,0,0,0
BMS1P11,0,0,0
BMS1P12,0,0,0
BMS1P13,0,0,0
BMS1P14,0,0,0
BMS1P15,0,0,0
BMS1P16,0,0,0
BMS1P17,0,0,0
BMS1P18,0,0,0
BMS1P19,0,0,0
BMS1P20,0,0,0
BMS1P21,0,0,0
BMS1P22,0,0,0
BMX,0,0,1
BNC1,0,0,0
BNC2,0,0,0
BNIP1,0,0,0
BNIP2,0,0,0
BNIP3,10,1,0
BNIP3L,2,0,0
BNIP3P1,0,0,0
BNIP3P2,0,0,0
BNIP3P3,0,0,0
BNIP3P4,0,0,0
BNIP3P5,0,0,0
BNIP3P6,0,0,0
BNIP3P7,0,0,0
BNIP3P8,0,0,0
BNIP3P9,0,0,0
BNIP3P10,0,0,0
BNIP3P11,0,0,0
BNIP3P12,0,0,0
BNIP3P13,0,0,0
BNIP3P14,0,0,0
BNIP3P15,0,0,0
BNIP3P16,0,0,0
BNIP3P17,0,0,0
BNIP3P18,0,0,0
BNIP3P19,0,0,0
BNIP3P20,0,0,0
BNIP3P21,0,0,0
BNIP3P22,0,0,0
BNIP3P23,0,0,0
BNIP3P24,0,0,0
BNIP3P25,0,0,0
BNIP3P26,0,0,0
BNIP3P27,0,0,0
BNIP3P28,0,0,0
BNIP3P29,0,0,0
BNIP3P30,0,0,0
BNIP3P31,0,0,0
BNIP3P32,0,0,0
BNIP3P33,0,0,0
BNIP3P34,0,0,0
BNIP3P35,0,0,0
BNIP3P36,0,0,0
BNIP3P37,0,0,0
BNIP3P38,0,0,0
BNIP3P39,0,0,0
BNIP3P40,0,0,0
BNIP3P41,0,0,0
BNIP3P42,0,0,0
BNIPL,0,0,0
BOC,0,0,0
BOD1,0,0,0
BOD1L1,0,0,0
BOD1L2,0,0,0
BOD1P1,0,0,0
BOD1P2,0,0,0
BOK,0,0,0
BOK-AS1,0,0,0
BOLA1,0,0,0
BOLA2,0,0,0
BOLA2B,0,0,0
BOLA2P1,0,0,0
BOLA2P2,0,0,0
BOLA2P3,0,0,0
BOLA3,0,0,0
BOLA3-AS1,0,0,0
BOLA3P1,0,0,0
BOLA3P2,0,0,0
BOLA3P3,0,0,0
BOLA3P4,0,0,0
BOLL,0,0,0
BOP1,0,0,0
BORA,0,0,0
BORCS5,0,0,0
BORCS6,0,0,0
BORCS7,0,0,0
BORCS7-ASMT,0,0,0
BORCS8,0,0,0
BORCS8-MEF2B,0,0,0
BPESC1,0,0,0
BPGM,0,0,0
BPHL,0,0,0
BPI,0,0,0
BPIFA1,0,0,0
BPIFA2,0,0,0
BPIFA3,0,0,0
BPIFA4P,0,0,0
BPIFB1,0,1,0
BPIFB2,0,0,0
BPIFB3,0,0,0
BPIFB4,0,0,0
BPIFB5P,0,0,0
BPIFB6,0,0,0
BPIFB9P,0,0,0
BPIFC,0,0,0
BPNT1,0,0,0
BPTF,2,0,0
BPY2,0,0,0
BPY2B,0,0,0
BPY2C,0,0,0
BPY2DP,0,0,0
BRAF,36,64,53
BRAFP1,0,0,0
BRAP,0,0,0
BRAT1,0,0,1
BRCA1,20,24,5
BRCA1P1,0,0,0
BRCA2,8,2,4
BRCA3,0,0,0
BRCC3,0,0,0
BRCC3P1,0,0,0
BRD1,0,1,0
BRD2,0,0,0
BRD2-IT1,0,0,0
BRD3,0,0,0
BRD4,8,1,2
BRD7,0,1,0
BRD7P1,0,0,0
BRD7P2,0,0,0
BRD7P3,0,0,0
BRD7P4,0,0,0
BRD7P5,0,0,0
BRD7P6,0,0,0
BRD8,0,0,0
BRD9,0,0,0
BRD9P1,0,0,0
BRD9P2,0,0,0
BRDT,0,0,0
BRDTP1,0,0,0
BRE,0,0,0
BRE-AS1,0,0,0
BRF1,0,1,1
BRF2,0,0,0
BRI3,0,0,1
BRI3BP,0,0,0
BRI3BPP1,0,0,0
BRI3P1,0,0,0
BRI3P2,0,0,0
BRI3P3,0,0,0
BRICD5,0,0,0
BRINP1,0,0,0
BRINP2,0,0,0
BRINP3,0,0,0
BRIP1,0,0,0
BRIX1,0,0,0
BRIX1P1,0,0,0
BRK1,0,0,0
BRK1P2,0,0,0
BRMS1,0,0,0
BRMS1L,0,0,0
BROX,0,0,0
BRPF1,0,0,0
BRPF3,0,0,0
BRS3,0,0,0
BRSK1,0,0,0
BRSK2,0,0,1
BRWD1,0,0,0
BRWD1-AS1,0,0,0
BRWD1-AS2,0,0,0
BRWD1-IT1,0,0,0
BRWD1P1,0,0,0
BRWD1P2,0,0,0
BRWD1P3,0,0,0
BRWD3,0,0,0
BSCL2,0,0,0
BSDC1,0,0,0
BSG,0,0,4
BSN,0,0,0
BSN-AS1,0,0,0
BSN-AS2,0,0,0
BSND,0,1,0
BSNDP1,0,0,0
BSNDP2,0,0,0
BSNDP3,0,0,0
BSNDP4,0,0,0
BSPH1,0,0,0
BSPRY,0,0,0
BST1,0,0,0
BST2,0,0,0
BSX,0,0,0
BTAF1,0,0,0
BTBD1,0,0,0
BTBD2,0,0,0
BTBD3,0,0,0
BTBD6,0,0,0
BTBD6P1,0,0,0
BTBD7,0,0,0
BTBD7P1,0,0,0
BTBD7P2,0,0,0
BTBD8,0,0,0
BTBD9,0,0,0
BTBD9-AS1,0,0,0
BTBD10,0,0,0
BTBD10P1,0,0,0
BTBD10P2,0,0,0
BTBD11,0,0,0
BTBD16,0,0,0
BTBD17,0,0,0
BTBD18,0,0,0
BTBD19,0,0,0
BTC,46,0,0
BTD,0,0,0
BTF3,0,0,2
BTF3L4,0,0,0
BTF3L4P1,0,0,0
BTF3L4P2,0,0,0
BTF3L4P3,0,0,0
BTF3L4P4,0,0,0
BTF3P1,0,0,0
BTF3P2,0,0,0
BTF3P3,0,0,0
BTF3P4,0,0,0
BTF3P5,0,0,0
BTF3P6,0,0,0
BTF3P7,0,0,0
BTF3P8,0,0,0
BTF3P9,0,0,0
BTF3P10,0,0,0
BTF3P11,0,0,0
BTF3P12,0,0,0
BTF3P13,0,0,0
BTF3P14,0,0,0
BTF3P15,0,0,0
BTF3P16,0,0,0
BTG1,0,0,0
BTG1P1,0,0,0
BTG2,14,2,1
BTG3,0,0,0
BTG3P1,0,0,0
BTG4,0,0,0
BTG4P1,0,0,0
BTK,0,0,0
BTLA,0,0,0
BTN1A1,0,0,0
BTN1A1P1,0,0,0
BTN2A1,0,0,0
BTN2A2,0,0,0
BTN2A3P,0,0,0
BTN3A1,0,0,0
BTN3A2,0,0,0
BTN3A3,0,0,0
BTNL2,0,0,0
BTNL3,0,0,0
BTNL8,0,0,0
BTNL9,0,0,0
BTNL10,0,0,0
BTRC,0,0,0
BTRCP1,0,0,0
BTS1,0,0,0
BUB1,0,0,0
BUB1B,0,0,0
BUB1P1,0,0,0
BUB3,0,0,0
BUB3P1,0,0,0
BUD13,0,0,0
BUD13P1,0,0,0
BUD31,0,0,0
BUD31P1,0,0,0
BUD31P2,0,0,0
BVES,0,0,0
BVES-AS1,0,0,0
BVR1,0,0,0
BYSL,0,0,0
BZRAP1,0,0,0
BZRAP1-AS1,0,0,0
BZW1,0,0,0
BZW1P1,0,0,0
BZW1P2,0,0,0
BZW2,0,0,0
C1D,0,0,0
C1DP1,0,0,0
C1DP2,0,0,0
C1DP3,0,0,0
C1DP4,0,0,0
C1DP5,0,0,0
C1GALT1,0,0,0
C1GALT1C1,0,0,0
C1GALT1C1L,0,0,0
C1GALT1P1,0,0,0
C1GALT1P2,0,0,0
C1GALT1P3,0,0,0
C1orf21,0,0,0
C1orf27,0,0,0
C1orf35,0,0,0
C1orf43,0,0,0
C1orf50,0,0,0
C1orf52,0,0,0
C1orf53,0,0,0
C1orf54,0,0,0
C1orf56,0,0,0
C1orf61,0,0,0
C1orf64,0,0,0
C1orf68,0,0,0
C1orf74,0,0,0
C1orf87,0,0,0
C1orf94,0,0,0
C1orf95,0,0,0
C1orf100,0,0,0
C1orf101,0,0,0
C1orf105,0,0,0
C1orf106,0,0,0
C1orf109,0,0,0
C1orf111,0,0,0
C1orf112,0,0,0
C1orf115,0,0,0
C1orf116,0,0,0
C1orf122,0,0,0
C1orf123,0,0,0
C1orf127,0,0,0
C1orf131,0,0,0
C1orf132,0,0,0
C1orf134,0,0,0
C1orf137,0,0,0
C1orf141,0,0,0
C1orf143,0,0,0
C1orf145,0,0,0
C1orf146,0,0,0
C1orf147,0,0,0
C1orf158,0,0,0
C1orf159,0,0,0
C1orf162,0,0,0
C1orf167,0,0,0
C1orf168,0,0,0
C1orf174,0,0,0
C1orf185,0,0,0
C1orf186,0,0,0
C1orf189,0,0,0
C1orf194,0,0,0
C1orf195,0,0,0
C1orf196,0,0,0
C1orf198,0,0,0
C1orf204,0,0,0
C1orf210,0,0,0
C1orf216,0,0,0
C1orf220,0,0,0
C1orf226,0,0,0
C1orf228,0,0,0
C1orf229,0,0,0
C1orf233,0,0,0
C1orf234,0,0,0
C1QA,0,0,0
C1QB,0,0,0
C1QBP,8,0,0
C1QBPP1,0,0,0
C1QBPP2,0,0,0
C1QBPP3,0,0,0
C1QC,0,0,0
C1QL1,0,0,0
C1QL1P1,0,0,0
C1QL2,0,0,0
C1QL3,0,0,0
C1QL4,0,0,0
C1QTNF1,0,0,0
C1QTNF1-AS1,0,0,0
C1QTNF2,0,0,0
C1QTNF3,0,0,0
C1QTNF3-AMACR,0,0,0
C1QTNF4,0,0,0
C1QTNF5,0,0,0
C1QTNF6,8,0,0
C1QTNF7,0,0,0
C1QTNF8,0,0,0
C1QTNF9,0,0,0
C1QTNF9-AS1,0,0,0
C1QTNF9B,0,0,0
C1QTNF9B-AS1,0,0,0
C1R,0,0,0
C1RL,0,0,0
C1RL-AS1,0,0,0
C1S,0,0,0
C2,28,11,0
C2-AS1,0,0,0
C2CD2,0,0,0
C2CD2L,0,0,0
C2CD3,0,0,0
C2CD4A,0,0,0
C2CD4B,0,0,0
C2CD4C,0,0,0
C2CD4D,0,0,0
C2CD5,0,0,0
C2orf15,0,0,0
C2orf16,0,0,0
C2orf27A,0,0,0
C2orf27AP1,0,0,0
C2orf27AP2,0,0,0
C2orf27AP3,0,0,0
C2orf27B,0,0,0
C2orf40,0,0,0
C2orf42,0,0,0
C2orf44,0,0,0
C2orf47,0,0,0
C2orf48,0,0,0
C2orf49,0,0,0
C2orf50,0,0,0
C2orf54,0,0,0
C2orf57,0,0,0
C2orf61,0,0,0
C2orf66,0,0,0
C2orf68,0,0,0
C2orf69,0,0,0
C2orf69P1,0,0,0
C2orf69P2,0,0,0
C2orf69P3,0,0,0
C2orf69P4,0,0,0
C2orf69P5,0,0,0
C2orf70,0,0,0
C2orf71,0,0,0
C2orf72,0,0,0
C2orf73,0,0,0
C2orf74,0,0,0
C2orf76,0,0,0
C2orf78,0,0,0
C2orf80,0,0,0
C2orf81,0,0,0
C2orf82,0,0,0
C2orf83,0,0,0
C2orf88,0,0,0
C2orf91,0,0,0
C3,8,3,5
C3AR1,0,0,0
C3CER1,0,0,0
C3orf14,0,0,0
C3orf17,0,0,0
C3orf18,0,0,0
C3orf20,0,0,0
C3orf22,0,0,0
C3orf30,0,0,0
C3orf33,0,0,0
C3orf35,0,0,0
C3orf36,0,0,0
C3orf38,0,0,0
C3orf49,0,0,0
C3orf52,0,0,0
C3orf56,0,0,0
C3orf58,0,0,0
C3orf62,0,0,0
C3orf67,0,0,0
C3orf67-AS1,0,0,0
C3orf70,0,0,0
C3orf79,0,0,0
C3orf80,0,0,0
C3orf84,0,0,0
C3P1,0,0,0
C4A,0,0,0
C4A-AS1,0,0,0
C4B,0,0,0
C4B-AS1,0,0,0
C4BPA,0,0,0
C4BPAP1,0,0,0
C4BPAP2,0,0,0
C4BPAP3,0,0,0
C4BPB,0,0,0
C4B_2,0,0,0
C4orf3,0,0,0
C4orf17,0,0,0
C4orf19,0,0,0
C4orf22,0,0,0
C4orf26,0,0,0
C4orf27,0,0,0
C4orf32,0,0,0
C4orf33,0,0,0
C4orf36,0,0,0
C4orf45,0,0,0
C4orf46,0,0,0
C4orf47,0,0,0
C4orf48,0,0,0
C4orf50,0,0,0
C4orf51,0,0,0
C5,0,0,0
C5AR1,0,0,0
C5AR2,0,0,0
C5orf15,0,0,0
C5orf17,0,0,0
C5orf22,0,0,0
C5orf24,0,0,0
C5orf28,0,0,0
C5orf30,0,0,0
C5orf34,0,0,0
C5orf38,0,0,0
C5orf42,0,0,0
C5orf45,0,0,0
C5orf46,0,0,0
C5orf47,0,0,0
C5orf49,0,0,0
C5orf51,0,0,0
C5orf52,0,0,0
C5orf56,0,0,0
C5orf58,0,0,0
C5orf60,0,0,0
C5orf63,0,0,0
C5orf64,0,0,0
C5orf66,0,0,0
C5orf66-AS1,0,0,0
C5orf66-AS2,0,0,0
C5orf67,0,0,0
C6,4,0,5
C6orf1,0,0,0
C6orf10,0,0,0
C6orf15,0,0,0
C6orf25,0,0,0
C6orf47,0,0,0
C6orf47-AS1,0,0,0
C6orf48,0,0,0
C6orf52,0,0,0
C6orf58,0,0,0
C6orf62,0,0,0
C6orf89,0,0,0
C6orf99,0,0,0
C6orf106,0,0,0
C6orf118,0,0,0
C6orf120,0,0,0
C6orf132,0,0,0
C6orf136,0,0,0
C6orf141,0,0,0
C6orf163,0,0,0
C6orf183,0,0,0
C6orf201,0,0,0
C6orf203,0,0,0
C6orf222,0,0,0
C6orf223,0,0,0
C6orf226,0,0,0
C6orf229,0,0,0
C7,8,0,0
C7orf25,0,0,0
C7orf26,0,0,0
C7orf31,0,0,0
C7orf33,0,0,0
C7orf34,0,0,0
C7orf43,0,0,0
C7orf49,0,0,0
C7orf50,0,0,0
C7orf55,0,0,0
C7orf55-LUC7L2,0,0,0
C7orf57,0,0,0
C7orf60,0,0,0
C7orf61,0,0,0
C7orf62,0,0,0
C7orf65,0,0,0
C7orf66,0,0,0
C7orf69,0,0,0
C7orf71,0,0,0
C7orf72,0,0,0
C7orf73,0,0,0
C7orf76,0,0,0
C7orf77,0,0,0
C8A,0,0,0
C8B,0,0,0
C8G,0,0,0
C8orf4,0,0,0
C8orf17,0,0,0
C8orf22,0,0,0
C8orf31,0,0,0
C8orf33,0,0,0
C8orf34,0,0,0
C8orf34-AS1,0,0,0
C8orf37,0,0,0
C8orf37-AS1,0,0,0
C8orf44,0,0,0
C8orf44-SGK3,0,0,0
C8orf46,0,0,0
C8orf48,0,0,0
C8orf49,0,0,0
C8orf58,0,0,0
C8orf59,0,0,0
C8orf59P1,0,0,0
C8orf59P2,0,0,0
C8orf74,0,0,0
C8orf76,0,0,0
C8orf82,0,0,0
C8orf86,0,0,0
C8orf87,0,0,0
C8orf88,0,0,0
C8orf89,0,0,0
C9,2,0,0
C9orf3,0,0,0
C9orf9,0,0,0
C9orf16,0,0,0
C9orf24,0,0,0
C9orf40,0,0,0
C9orf41-AS1,0,0,0
C9orf43,0,0,0
C9orf47,0,0,0
C9orf50,0,0,0
C9orf57,0,0,0
C9orf62,0,0,0
C9orf64,0,0,0
C9orf66,0,0,0
C9orf69,0,0,0
C9orf72,0,0,0
C9orf78,0,0,0
C9orf84,0,0,0
C9orf85,0,0,0
C9orf91,0,0,0
C9orf92,0,0,0
C9orf106,0,0,0
C9orf114,0,0,0
C9orf116,0,0,0
C9orf118,0,0,0
C9orf129,0,0,0
C9orf131,0,0,0
C9orf135,0,0,0
C9orf135-AS1,0,0,0
C9orf139,0,0,0
C9orf142,0,0,0
C9orf147,0,0,0
C9orf152,0,0,0
C9orf153,0,0,0
C9orf163,0,0,0
C9orf170,0,0,0
C9orf172,0,0,0
C9orf173,0,0,0
C9orf173-AS1,0,0,0
C10orf2,0,0,0
C10orf10,0,0,0
C10orf11,0,0,0
C10orf12,0,0,0
C10orf25,0,0,0
C10orf35,0,0,0
C10orf53,0,0,0
C10orf54,0,0,0
C10orf55,0,0,0
C10orf62,0,0,0
C10orf67,0,0,0
C10orf71,0,0,0
C10orf71-AS1,0,0,0
C10orf76,0,0,0
C10orf82,0,0,0
C10orf88,0,0,0
C10orf90,0,0,0
C10orf91,0,0,0
C10orf95,0,0,0
C10orf99,0,0,0
C10orf105,0,0,0
C10orf107,0,0,0
C10orf111,0,0,0
C10orf113,0,0,0
C10orf120,0,0,0
C10orf126,0,0,0
C10orf128,0,0,0
C10orf131,0,0,0
C10orf142,0,0,0
C11orf1,0,0,0
C11orf16,0,0,0
C11orf21,0,0,0
C11orf24,0,0,0
C11orf31,0,0,0
C11orf40,0,0,0
C11orf42,0,0,0
C11orf44,0,0,0
C11orf45,0,0,0
C11orf49,0,0,0
C11orf52,0,0,0
C11orf53,0,0,0
C11orf54,0,0,0
C11orf57,0,0,0
C11orf58,0,0,0
C11orf63,0,0,0
C11orf65,0,0,0
C11orf68,0,0,0
C11orf70,0,0,0
C11orf71,0,0,0
C11orf72,0,0,0
C11orf73,0,0,0
C11orf74,0,0,0
C11orf80,0,0,0
C11orf84,0,0,0
C11orf85,0,0,0
C11orf86,0,0,0
C11orf87,0,0,0
C11orf88,0,0,0
C11orf91,0,0,0
C11orf94,0,0,0
C11orf95,0,0,0
C11orf96,0,0,0
C11orf97,0,0,0
C11orf98,0,0,0
C11orf98P1,0,0,0
C12orf4,0,0,0
C12orf10,0,0,0
C12orf29,0,0,0
C12orf40,0,0,0
C12orf42,0,0,0
C12orf43,0,0,0
C12orf45,0,0,0
C12orf49,0,0,0
C12orf50,0,0,0
C12orf54,0,0,0
C12orf56,0,0,0
C12orf57,0,0,0
C12orf60,0,0,0
C12orf65,0,0,0
C12orf66,0,0,0
C12orf71,0,0,0
C12orf73,0,0,0
C12orf74,0,0,0
C12orf75,0,0,0
C12orf76,0,0,0
C12orf77,0,0,0
C12orf80,0,0,0
C14orf1,0,0,0
C14orf2,0,0,0
C14orf28,0,0,0
C14orf37,0,0,0
C14orf39,0,0,0
C14orf79,0,0,0
C14orf80,0,0,0
C14orf93,0,0,0
C14orf105,0,0,0
C14orf119,0,0,0
C14orf132,0,0,0
C14orf142,0,0,0
C14orf144,0,0,0
C14orf159,0,0,0
C14orf166,0,0,0
C14orf169,0,0,0
C14orf177,0,0,0
C14orf178,0,0,0
C14orf180,0,0,0
C15orf32,0,0,0
C15orf38-AP3S2,0,0,0
C15orf39,0,0,0
C15orf40,0,0,0
C15orf41,0,0,0
C15orf43,0,0,0
C15orf48,0,0,0
C15orf52,0,0,0
C15orf53,0,0,0
C15orf54,0,0,0
C15orf56,0,0,0
C15orf57,0,0,0
C15orf59,0,0,0
C15orf59-AS1,0,0,0
C15orf61,0,0,0
C15orf62,0,0,0
C15orf65,0,0,0
C16orf13,0,0,0
C16orf45,0,0,0
C16orf46,0,0,0
C16orf47,0,0,0
C16orf52,0,0,0
C16orf54,0,0,0
C16orf58,0,0,0
C16orf59,0,0,0
C16orf62,0,0,0
C16orf70,0,0,0
C16orf71,0,0,0
C16orf72,0,0,0
C16orf74,0,0,0
C16orf78,0,0,0
C16orf82,0,0,0
C16orf86,0,0,0
C16orf87,0,0,0
C16orf89,0,0,0
C16orf90,0,0,0
C16orf91,0,0,0
C16orf92,0,0,0
C16orf95,0,0,0
C16orf96,0,0,0
C16orf97,0,0,0
C17orf47,0,0,0
C17orf49,0,0,0
C17orf50,0,0,0
C17orf51,0,0,0
C17orf53,0,0,0
C17orf58,0,0,0
C17orf62,0,0,0
C17orf64,0,0,0
C17orf67,0,0,0
C17orf74,0,0,0
C17orf75,0,0,0
C17orf77,0,0,0
C17orf78,0,0,0
C17orf80,0,0,0
C17orf82,0,0,0
C17orf89,0,0,0
C17orf96,0,0,0
C17orf97,0,0,0
C17orf98,0,0,0
C17orf99,0,0,0
C17orf100,0,0,0
C17orf102,0,0,0
C17orf105,0,0,0
C17orf107,0,0,0
C17orf112,0,0,0
C18orf8,0,0,0
C18orf12,0,0,0
C18orf15,0,0,0
C18orf21,0,0,0
C18orf25,0,0,0
C18orf32,0,0,0
C18orf42,0,0,0
C18orf54,0,0,0
C18orf63,0,0,0
C18orf65,0,0,0
C19orf12,0,0,0
C19orf18,0,0,0
C19orf24,0,0,0
C19orf25,0,0,0
C19orf33,0,0,0
C19orf35,0,0,0
C19orf38,0,0,0
C19orf43,0,0,0
C19orf44,0,0,0
C19orf45,0,0,0
C19orf47,0,0,0
C19orf48,0,0,0
C19orf52,0,0,0
C19orf53,0,0,0
C19orf54,0,0,0
C19orf57,0,0,0
C19orf60,0,0,0
C19orf66,0,0,0
C19orf67,0,0,0
C19orf68,0,0,0
C19orf70,0,0,0
C19orf71,0,0,0
C19orf73,0,0,0
C19orf81,0,0,0
C19orf84,0,0,0
C20orf24,0,0,0
C20orf27,0,0,0
C20orf78,0,0,0
C20orf85,0,0,0
C20orf96,0,0,0
C20orf141,0,0,0
C20orf144,0,0,0
C20orf166-AS1,0,0,0
C20orf173,0,0,0
C20orf181,0,0,0
C20orf187,0,0,0
C20orf194,0,0,0
C20orf195,0,0,0
C20orf196,0,0,0
C20orf197,0,0,0
C20orf202,0,0,0
C20orf203,0,0,0
C21orf2,0,0,0
C21orf33,0,0,0
C21orf58,0,0,0
C21orf59,0,0,0
C21orf62,0,0,0
C21orf62-AS1,0,0,0
C21orf91,0,0,0
C21orf91-OT1,0,0,0
C21orf140,0,0,0
C22orf15,0,0,0
C22orf23,0,0,0
C22orf24,0,0,0
C22orf29,0,0,0
C22orf31,0,0,0
C22orf34,0,0,0
C22orf39,0,0,0
C22orf42,0,0,0
C22orf46,0,0,0
CA1,0,0,1
CA2,6,0,2
CA3,0,0,0
CA3-AS1,0,0,0
CA4,0,0,1
CA5A,0,0,0
CA5AP1,0,0,0
CA5B,0,0,0
CA5BP1,0,0,0
CA6,0,0,0
CA7,0,0,0
CA8,0,0,0
CA9,28,0,4
CA10,0,0,0
CA11,0,0,0
CA12,0,0,0
CA13,0,0,0
CA14,0,0,0
CA15P1,0,0,0
CA15P2,0,0,0
CA15P3,0,0,0
CAAP1,0,0,0
CAB39,0,0,0
CAB39L,0,0,0
CAB39P1,0,0,0
CABIN1,0,0,0
CABLES1,0,1,0
CABLES2,0,0,0
CABP1,0,0,0
CABP2,0,0,0
CABP4,0,0,0
CABP5,0,0,0
CABP7,0,0,0
CABS1,0,0,0
CABYR,0,0,0
CABYRP1,0,0,0
CACD,0,0,0
CACFD1,0,0,0
CACHD1,0,0,0
CACNA1A,10,0,1
CACNA1B,0,0,0
CACNA1C,0,0,0
CACNA1C-AS1,0,0,0
CACNA1C-AS2,0,0,0
CACNA1C-AS3,0,0,0
CACNA1C-AS4,0,0,0
CACNA1C-IT1,0,0,0
CACNA1C-IT2,0,0,0
CACNA1C-IT3,0,0,0
CACNA1D,0,0,0
CACNA1E,0,0,0
CACNA1F,0,0,0
CACNA1G,10,0,0
CACNA1G-AS1,0,0,0
CACNA1H,0,0,0
CACNA1I,0,0,0
CACNA1S,0,0,0
CACNA2D1,0,0,0
CACNA2D2,0,0,0
CACNA2D3,0,0,1
CACNA2D3-AS1,0,0,0
CACNA2D4,0,0,0
CACNB1,0,0,0
CACNB2,0,0,0
CACNB3,0,0,0
CACNB4,0,0,0
CACNG1,0,0,0
CACNG2,0,0,0
CACNG3,0,0,0
CACNG4,0,0,0
CACNG5,0,0,0
CACNG6,0,0,0
CACNG7,0,0,0
CACNG8,0,0,0
CACTIN,0,0,0
CACTIN-AS1,0,0,0
CACUL1,0,0,0
CACYBP,0,0,0
CACYBPP1,0,0,0
CACYBPP2,0,0,0
CACYBPP3,0,0,0
CAD,22,12,1
CADM1,2,1,0
CADM2,0,0,0
CADM2-AS1,0,0,0
CADM2-AS2,0,0,0
CADM3,0,0,0
CADM3-AS1,0,0,0
CADM4,0,0,0
CADPS,0,0,0
CADPS2,0,0,0
CAGE1,0,0,0
CAHM,0,0,0
CALB1,0,0,0
CALB2,0,0,0
CALCA,2,0,0
CALCB,0,0,0
CALCOCO1,0,0,0
CALCOCO2,0,0,0
CALCP,0,0,0
CALCR,0,0,0
CALCRL,0,0,0
CALD1,0,0,0
CALHM1,0,0,0
CALHM2,0,0,0
CALHM3,0,0,0
CALM1,0,0,0
CALM1P1,0,0,0
CALM1P2,0,0,0
CALM2,0,0,0
CALM2P1,0,0,0
CALM2P2,0,0,0
CALM2P3,0,0,0
CALM2P4,0,0,0
CALM3,0,0,0
CALML3,0,0,0
CALML3-AS1,0,0,0
CALML4,0,0,0
CALML5,0,0,0
CALML6,0,0,0
CALN1,0,0,0
CALR,2,0,0
CALR3,0,0,0
CALR4P,0,0,0
CALU,0,11,0
CALY,0,0,0
CAMK1,0,0,0
CAMK1D,0,0,0
CAMK1G,0,0,0
CAMK2A,0,0,0
CAMK2B,0,0,0
CAMK2D,0,4,0
CAMK2G,0,0,0
CAMK2N1,0,0,0
CAMK2N2,0,0,0
CAMK4,0,0,0
CAMKK1,0,0,0
CAMKK2,0,1,0
CAMKMT,0,0,0
CAMKV,0,0,0
CAMLG,0,0,0
CAMP,10,1,8
CAMSAP1,0,0,0
CAMSAP2,0,0,0
CAMSAP3,0,0,0
CAMTA1,0,0,0
CAMTA1-IT1,0,0,0
CAMTA2,0,0,0
CAND1,0,0,0
CAND2,0,0,0
CANDN1,0,0,0
CANT1,0,0,0
CANX,0,0,0
CAP1,0,0,1
CAP1P1,0,0,0
CAP1P2,0,0,0
CAP2,0,0,0
CAP2P1,0,0,0
CAPG,0,0,0
CAPN1,0,0,0
CAPN2,0,0,0
CAPN3,0,0,0
CAPN5,0,0,0
CAPN6,0,0,0
CAPN7,0,0,0
CAPN8,0,0,0
CAPN9,0,0,0
CAPN10,0,0,0
CAPN10-AS1,0,0,0
CAPN11,0,0,0
CAPN12,0,0,0
CAPN13,0,0,0
CAPN14,0,0,0
CAPN15,0,0,0
CAPNS1,0,0,0
CAPNS1P1,0,0,0
CAPNS2,0,0,0
CAPRIN1,0,0,0
CAPRIN2,0,0,0
CAPS,0,0,0
CAPS2,0,0,0
CAPSL,0,0,0
CAPZA1,0,0,0
CAPZA1P,0,0,0
CAPZA2,0,0,0
CAPZA3,0,0,0
CAPZB,0,0,0
CARD6,0,0,0
CARD8,0,0,0
CARD8-AS1,0,0,0
CARD9,0,0,0
CARD10,0,0,0
CARD11,0,0,0
CARD14,0,0,0
CARD16,0,0,0
CARD17,0,0,0
CARD18,0,0,0
CARD19,0,0,0
CARF,0,0,0
CARHSP1,0,0,0
CARKD,0,0,0
CARM1,0,0,0
CARM1P1,0,0,0
CARMN,0,0,0
CARNMT1,0,0,0
CARNS1,0,0,0
CARS,0,4,0
CARS-AS1,0,0,0
CARS2,0,0,0
CARSP1,0,0,0
CARSP2,0,0,0
CARTPT,0,0,0
CASC1,0,0,0
CASC2,0,0,0
CASC3,0,0,0
CASC4,0,0,0
CASC4P1,0,0,0
CASC5,0,0,0
CASC6,0,0,0
CASC7,0,0,0
CASC8,0,0,0
CASC9,0,0,0
CASC10,0,0,0
CASC11,0,0,0
CASC15,0,0,0
CASC16,0,0,0
CASC17,0,0,0
CASC18,0,0,0
CASC19,0,0,0
CASC20,0,0,0
CASC21,0,0,0
CASC22,0,0,0
CASC23,0,0,0
CASD1,0,0,0
CASK,0,0,0
CASK-AS1,0,0,0
CASKIN1,0,0,0
CASKIN2,0,0,0
CASKP1,0,0,0
CASP1,0,0,0
CASP1P1,0,0,0
CASP1P2,0,0,0
CASP1P3,0,0,0
CASP2,0,0,0
CASP3,0,4,0
CASP3P1,0,0,0
CASP4,0,0,0
CASP5,0,0,0
CASP6,0,0,0
CASP7,2,0,0
CASP8,8,0,0
CASP8AP2,0,0,0
CASP9,0,0,0
CASP10,0,0,0
CASP12,0,0,0
CASP14,0,0,0
CASP16P,0,0,0
CASQ1,0,0,0
CASQ2,0,0,0
CASR,0,0,0
CASS4,0,0,0
CAST,0,4,4
CASZ1,0,0,0
CAT,4,1,0
CATIP,0,0,0
CATIP-AS1,0,0,0
CATIP-AS2,0,0,0
CATR1,0,0,0
CATSPER1,0,0,0
CATSPER2,0,0,0
CATSPER2P1,0,0,0
CATSPER3,0,0,0
CATSPER4,0,0,0
CATSPERB,0,0,0
CATSPERD,0,0,0
CATSPERG,0,0,0
CAV1,8,0,0
CAV2,8,0,0
CAV3,0,1,0
CBARP,0,0,0
CBFA2T2,0,0,0
CBFA2T3,0,0,0
CBFB,0,0,0
CBL,0,1,0
CBLB,0,1,0
CBLC,0,0,0
CBLL1,0,0,0
CBLN1,0,0,0
CBLN2,0,0,0
CBLN3,0,0,0
CBLN4,0,0,0
CBR1,0,1,0
CBR3,0,0,0
CBR3-AS1,0,0,0
CBR4,0,0,0
CBS,0,0,1
CBSL,0,0,0
CBWD1,0,0,0
CBWD2,0,0,0
CBWD3,0,0,0
CBWD4P,0,0,0
CBWD5,0,0,0
CBWD6,0,0,0
CBWD7,0,0,0
CBX1,0,0,0
CBX1P1,0,0,0
CBX1P2,0,0,0
CBX1P3,0,0,0
CBX1P4,0,0,0
CBX1P5,0,0,0
CBX2,0,0,0
CBX3,0,0,0
CBX3P1,0,0,0
CBX3P2,0,0,0
CBX3P3,0,0,0
CBX3P4,0,0,0
CBX3P5,0,0,0
CBX3P6,0,0,0
CBX3P7,0,0,0
CBX3P8,0,0,0
CBX3P9,0,0,0
CBX4,0,0,0
CBX5,0,0,0
CBX5P1,0,0,0
CBX6,0,0,0
CBX7,8,0,1
CBX8,0,0,0
CBY1,0,0,0
CBY3,0,0,0
CC2D1A,0,0,0
CC2D1B,0,0,0
CC2D2A,0,0,0
CC2D2B,0,0,0
CCA1,0,0,0
CCAL1,0,0,0
CCAR1,0,0,0
CCAR2,0,0,0
CCAT1,0,0,0
CCAT2,0,5,0
CCBE1,0,0,0
CCBL1,0,0,0
CCBL2,0,0,0
CCDC3,0,0,0
CCDC6,0,5,0
CCDC7,0,0,0
CCDC8,0,0,0
CCDC9,0,0,0
CCDC11P1,0,0,0
CCDC12,0,0,0
CCDC13,0,0,0
CCDC13-AS1,0,0,0
CCDC14,0,0,0
CCDC15,0,0,0
CCDC17,0,0,0
CCDC18,0,0,0
CCDC18-AS1,0,0,0
CCDC22,0,0,0
CCDC24,0,0,0
CCDC25,0,0,0
CCDC26,0,0,1
CCDC27,0,0,0
CCDC28A,0,0,0
CCDC28B,0,0,0
CCDC30,0,0,0
CCDC33,0,0,0
CCDC34,0,0,0
CCDC34P1,0,0,0
CCDC36,0,0,0
CCDC37-AS1,0,0,0
CCDC38,0,0,0
CCDC39,0,0,0
CCDC39-AS1,0,0,0
CCDC40,0,0,0
CCDC42,0,0,0
CCDC43,0,0,0
CCDC47,0,0,0
CCDC50,0,0,0
CCDC51,0,0,0
CCDC53,0,0,0
CCDC54,0,0,0
CCDC57,0,0,0
CCDC58,0,0,0
CCDC58P1,0,0,0
CCDC58P2,0,0,0
CCDC58P3,0,0,0
CCDC58P4,0,0,0
CCDC58P5,0,0,0
CCDC59,0,0,0
CCDC60,0,0,0
CCDC61,0,0,0
CCDC62,0,0,0
CCDC63,0,0,0
CCDC64,0,0,0
CCDC64B,0,0,0
CCDC65,0,0,0
CCDC66,0,0,0
CCDC67,0,0,0
CCDC68,0,0,0
CCDC69,0,0,0
CCDC70,0,0,0
CCDC71,0,0,0
CCDC71L,0,0,0
CCDC73,0,0,0
CCDC74A,0,0,0
CCDC74B,0,0,0
CCDC74BP1,0,0,0
CCDC75P1,0,0,0
CCDC77,0,0,0
CCDC78,0,0,0
CCDC79,0,0,0
CCDC80,0,0,0
CCDC81,0,0,0
CCDC82,0,0,0
CCDC83,0,0,0
CCDC84,0,0,0
CCDC85A,0,0,0
CCDC85B,0,0,0
CCDC85C,0,0,0
CCDC86,0,0,0
CCDC87,0,0,0
CCDC88A,0,0,0
CCDC88B,0,0,0
CCDC88C,0,0,0
CCDC89,0,0,0
CCDC90AP1,0,0,0
CCDC90B,0,0,0
CCDC91,0,0,0
CCDC92,0,0,0
CCDC93,0,0,0
CCDC94,0,0,0
CCDC96,0,0,0
CCDC97,0,0,0
CCDC102A,0,0,0
CCDC102B,0,0,0
CCDC103,0,0,0
CCDC105,0,0,0
CCDC106,0,0,0
CCDC107,0,0,0
CCDC109B,0,0,0
CCDC110,0,0,0
CCDC112,0,0,0
CCDC113,0,0,0
CCDC114,0,0,0
CCDC115,0,0,0
CCDC116,0,0,0
CCDC117,0,0,0
CCDC120,0,0,0
CCDC121,0,0,0
CCDC122,0,0,0
CCDC124,0,0,0
CCDC125,0,0,0
CCDC126,0,0,0
CCDC127,0,0,0
CCDC129,0,0,0
CCDC130,0,0,0
CCDC134,0,0,0
CCDC136,0,0,0
CCDC137,0,0,0
CCDC137P,0,0,0
CCDC138,0,0,0
CCDC140,0,0,0
CCDC141,0,0,0
CCDC142,0,0,0
CCDC144A,0,0,0
CCDC144B,0,0,0
CCDC144CP,0,0,0
CCDC144NL,0,0,0
CCDC144NL-AS1,0,0,0
CCDC146,0,0,0
CCDC148,0,0,0
CCDC148-AS1,0,0,0
CCDC149,0,0,0
CCDC150,0,0,0
CCDC150P1,0,0,0
CCDC151,0,0,0
CCDC152,0,0,0
CCDC153,0,0,0
CCDC154,0,0,0
CCDC155,0,0,0
CCDC157,0,0,0
CCDC158,0,0,0
CCDC159,0,0,0
CCDC160,0,0,0
CCDC162P,0,0,0
CCDC163P,0,0,0
CCDC166,0,0,0
CCDC167,0,0,0
CCDC168,0,0,0
CCDC169,0,0,0
CCDC169-SOHLH2,0,0,0
CCDC170,0,0,0
CCDC171,0,0,0
CCDC172,0,0,0
CCDC173,0,0,0
CCDC174,0,0,0
CCDC175,0,0,0
CCDC177,0,0,0
CCDC178,0,0,0
CCDC179,0,0,0
CCDC180,0,0,0
CCDC181,0,0,0
CCDC182,0,0,0
CCDC183,0,0,0
CCDC183-AS1,0,0,0
CCDC184,0,0,0
CCDC185,0,0,0
CCDC186,0,0,0
CCDC187,0,0,0
CCDC188,0,0,0
CCDC189,0,0,0
CCDC190,0,0,0
CCDC191,0,0,0
CCEPR,0,0,0
CCER1,0,0,0
CCER2,0,0,0
CCHCR1,0,0,0
CCIN,0,0,0
CCK,50,13,2
CCKAR,0,0,0
CCKBR,0,0,0
CCL1,8,5,0
CCL2,8,8,1
CCL3,0,1,1
CCL3L1,0,0,0
CCL3L3,0,0,0
CCL3P1,0,0,0
CCL4,0,0,0
CCL4L1,0,0,0
CCL4L2,0,0,0
CCL5,0,2,0
CCL7,0,0,1
CCL8,0,0,0
CCL11,0,0,0
CCL13,0,0,0
CCL14,0,0,0
CCL15,0,0,0
CCL15-CCL14,0,0,0
CCL16,0,3,0
CCL17,8,0,0
CCL18,8,0,0
CCL19,0,1,1
CCL20,18,2,0
CCL21,8,1,1
CCL22,0,0,1
CCL23,0,0,0
CCL24,0,0,0
CCL25,0,0,0
CCL26,0,0,0
CCL27,0,0,0
CCL28,0,0,0
CCM2,0,0,5
CCM2L,0,0,0
CCNA1,2,0,0
CCNA2,0,0,0
CCNB1,10,0,1
CCNB1IP1,0,0,0
CCNB1IP1P1,0,0,0
CCNB1IP1P2,0,0,0
CCNB1IP1P3,0,0,0
CCNB2,0,1,0
CCNB2P1,0,0,0
CCNB3,0,3,3
CCNB3P1,0,0,0
CCNC,0,0,0
CCND1,24,5,1
CCND2,14,0,0
CCND2-AS1,0,0,0
CCND2-AS2,0,0,0
CCND2P1,0,0,0
CCND3,4,0,0
CCND3P1,0,0,0
CCND3P2,0,0,0
CCNDBP1,0,0,0
CCNE1,26,0,0
CCNE2,8,1,0
CCNF,0,0,0
CCNG1,2,1,0
CCNG1P1,0,0,0
CCNG2,0,0,0
CCNG2P1,0,0,0
CCNH,0,0,0
CCNHP1,0,0,0
CCNI,0,0,0
CCNI2,0,0,0
CCNJ,0,0,0
CCNJL,0,0,0
CCNJP1,0,0,0
CCNJP2,0,0,0
CCNK,0,0,0
CCNL1,0,0,0
CCNL2,0,0,0
CCNL2P1,0,0,0
CCNO,0,0,0
CCNT1,0,0,0
CCNT2,0,0,0
CCNT2-AS1,0,0,0
CCNT2P1,0,0,0
CCNY,0,0,0
CCNYL1,0,0,0
CCNYL2,0,0,0
CCNYL3,0,0,0
CCP110,0,0,0
CCPG1,0,0,0
CCR1,0,0,0
CCR2,8,7,0
CCR3,0,0,0
CCR4,0,0,0
CCR5,2,0,2
CCR6,0,1,0
CCR7,8,1,1
CCR8,8,0,0
CCR9,0,0,0
CCR10,0,0,0
CCR12P,0,0,0
CCRL1P1,0,0,0
CCRL2,0,0,0
CCS,34,4,4
CCSAP,0,0,0
CCSER1,0,0,0
CCSER2,0,0,0
CCT,0,0,0
CCT2,0,0,0
CCT3,0,0,0
CCT3P1,0,0,0
CCT4,0,0,0
CCT4P1,0,0,0
CCT4P2,0,0,0
CCT5,0,0,0
CCT5P1,0,0,0
CCT5P2,0,0,0
CCT6A,0,0,0
CCT6B,0,0,0
CCT6P1,0,0,0
CCT6P2,0,0,0
CCT6P3,0,0,0
CCT6P4,0,0,0
CCT6P5,0,0,0
CCT7,0,0,0
CCT7P1,0,0,0
CCT7P2,0,0,0
CCT8,0,0,0
CCT8L1P,0,0,0
CCT8L2,0,0,0
CCT8P1,0,0,0
CCV,0,0,0
CCZ1,0,0,0
CCZ1B,0,0,0
CD1A,4,1,0
CD1B,0,0,0
CD1C,0,0,0
CD1D,0,0,0
CD1E,0,0,0
CD2,2,1,0
CD2AP,0,0,0
CD2BP2,0,0,0
CD3D,0,0,0
CD3E,0,0,0
CD3EAP,0,1,0
CD3G,0,0,0
CD4,34,24,12
CD5,2,0,2
CD5L,0,0,0
CD6,0,0,0
CD7,0,0,1
CD8A,0,0,0
CD8B,0,0,0
CD8BP,0,0,0
CD9,8,0,0
CD14,6,0,1
CD19,0,1,1
CD22,2,0,0
CD24,12,1,0
CD24P1,0,0,0
CD24P2,0,0,0
CD24P3,0,0,0
CD24P4,0,0,0
CD27,0,0,0
CD27-AS1,0,0,0
CD28,2,5,0
CD33,0,0,1
CD34,36,13,23
CD36,0,0,0
CD37,0,0,0
CD38,2,1,0
CD40,4,0,1
CD40LG,0,0,0
CD44,104,13,13
CD46,8,0,0
CD46P1,0,0,0
CD47,10,0,0
CD48,0,0,0
CD52,0,0,0
CD53,0,0,0
CD55,0,0,0
CD58,0,0,0
CD59,0,4,0
CD63,0,1,0
CD68,58,8,7
CD69,0,0,0
CD70,0,0,0
CD72,0,0,0
CD74,2,2,0
CD79A,0,0,0
CD79B,0,5,0
CD80,4,0,1
CD81,0,0,0
CD81-AS1,0,0,0
CD82,0,1,0
CD83,2,0,0
CD83P1,0,0,0
CD84,0,0,0
CD86,2,0,1
CD93,0,0,0
CD96,0,0,0
CD99,2,0,1
CD99L2,0,0,0
CD99P1,0,0,0
CD101,0,0,0
CD109,0,0,0
CD151,0,1,4
CD160,0,0,0
CD163,16,1,1
CD163L1,0,0,0
CD164,0,0,0
CD164L2,0,0,0
CD177,0,0,0
CD177P1,0,0,0
CD180,0,0,0
CD200,0,0,0
CD200R1,0,0,0
CD200R1L,0,0,0
CD207,0,1,0
CD209,0,0,0
CD226,0,0,0
CD244,0,0,0
CD247,0,0,0
CD248,0,0,0
CD274,2,0,0
CD276,0,0,0
CD300A,0,0,0
CD300C,0,0,0
CD300E,0,0,0
CD300LB,0,0,0
CD300LD,0,0,0
CD300LF,0,0,0
CD300LG,0,0,0
CD302,0,0,0
CD320,0,0,0
CDA,0,0,0
CDADC1,0,0,0
CDAN1,0,0,0
CDAN3,0,0,0
CDB2,0,0,0
CDC5L,0,0,4
CDC6,0,0,0
CDC7,8,0,0
CDC14A,0,0,0
CDC14B,0,0,0
CDC14C,0,0,0
CDC16,0,0,0
CDC20,12,1,2
CDC20B,0,0,0
CDC20P1,0,0,0
CDC23,0,0,0
CDC25A,12,2,0
CDC25B,4,0,0
CDC25C,2,5,0
CDC26,0,0,0
CDC26P1,0,0,0
CDC27,0,0,0
CDC27P1,0,0,0
CDC27P2,0,0,0
CDC27P3,0,0,0
CDC27P4,0,0,0
CDC27P5,0,0,0
CDC27P6,0,0,0
CDC27P7,0,0,0
CDC27P8,0,0,0
CDC27P9,0,0,0
CDC27P10,0,0,0
CDC27P11,0,0,0
CDC34,0,0,0
CDC37,0,0,0
CDC37L1,0,0,0
CDC37L1-AS1,0,0,0
CDC37P1,0,0,0
CDC37P2,0,0,0
CDC40,0,0,0
CDC42,2,2,0
CDC42-IT1,0,0,0
CDC42BPA,0,0,0
CDC42BPB,0,0,0
CDC42BPG,0,0,0
CDC42EP1,0,0,0
CDC42EP2,0,0,0
CDC42EP3,0,0,0
CDC42EP3P1,0,0,0
CDC42EP4,0,0,0
CDC42EP5,0,0,0
CDC42P1,0,0,0
CDC42P2,0,0,0
CDC42P3,0,0,0
CDC42P4,0,0,0
CDC42P5,0,0,0
CDC42P6,0,0,0
CDC42SE1,0,0,0
CDC42SE2,0,0,0
CDC45,0,0,0
CDC73,0,0,0
CDC123,0,0,0
CDCA2,0,0,0
CDCA3,0,0,0
CDCA4,0,0,0
CDCA4P1,0,0,0
CDCA4P2,0,0,0
CDCA4P3,0,0,0
CDCA4P4,0,0,0
CDCA5,0,0,0
CDCA7,0,0,0
CDCA7L,0,0,0
CDCA8,0,0,0
CDCP1,0,1,1
CDCP2,0,0,0
CDH1,14,3,1
CDH2,0,0,0
CDH3,0,0,0
CDH4,0,0,0
CDH5,0,4,0
CDH6,0,0,0
CDH7,0,0,0
CDH8,0,0,0
CDH9,0,0,0
CDH10,0,0,0
CDH11,0,0,0
CDH12,0,0,0
CDH12P1,0,0,0
CDH12P2,0,0,0
CDH12P3,0,0,0
CDH12P4,0,0,0
CDH13,26,0,0
CDH15,0,0,0
CDH16,4,0,0
CDH17,0,0,0
CDH18,0,0,0
CDH19,0,0,4
CDH20,0,0,0
CDH22,0,0,0
CDH23,0,0,0
CDH23-AS1,0,0,0
CDH24,0,0,0
CDH26,0,0,0
CDHR1,0,0,0
CDHR2,0,0,0
CDHR3,0,0,0
CDHR4,0,0,0
CDHR5,0,0,0
CDIP1,0,0,0
CDIPT,0,0,0
CDIPT-AS1,0,0,0
CDK1,12,6,1
CDK2,8,5,3
CDK2AP1,0,0,0
CDK2AP2,0,0,0
CDK2AP2P1,0,0,0
CDK2AP2P2,0,0,0
CDK2AP2P3,0,0,0
CDK3,0,0,0
CDK4,22,7,2
CDK4PS,0,0,0
CDK5,0,2,2
CDK5PS,0,0,0
CDK5R1,0,0,0
CDK5R2,0,0,0
CDK5RAP1,0,1,0
CDK5RAP2,0,0,0
CDK5RAP3,0,0,0
CDK6,4,8,2
CDK7,0,0,0
CDK7PS,0,0,0
CDK8,0,0,0
CDK8PS,0,0,0
CDK9,0,0,0
CDK10,0,0,0
CDK11A,0,0,0
CDK11B,0,0,0
CDK12,0,0,0
CDK13,0,0,0
CDK14,0,0,0
CDK15,0,0,0
CDK16,0,0,0
CDK17,0,0,0
CDK18,0,0,0
CDK19,0,0,0
CDK20,0,0,0
CDKAL1,2,0,0
CDKL1,0,0,0
CDKL2,0,0,0
CDKL3,0,0,0
CDKL4,0,0,0
CDKL5,0,0,0
CDKN1A,18,2,1
CDKN1A-AS1,0,0,0
CDKN1B,8,0,8
CDKN1C,0,0,0
CDKN2A,32,5,11
CDKN2A-AS1,0,0,0
CDKN2AIP,0,3,0
CDKN2AIPNL,0,0,0
CDKN2AIPNLP1,0,0,0
CDKN2AIPNLP2,0,0,0
CDKN2AIPNLP3,0,0,0
CDKN2B,10,1,4
CDKN2B-AS1,2,0,0
CDKN2C,0,0,0
CDKN2D,0,0,0
CDKN3,0,0,0
CDL1,0,0,0
CDL2,0,0,0
CDNF,0,0,0
CDO1,0,0,0
CDON,0,0,0
CDPF1,0,0,0
CDR1,0,0,0
CDR1-AS,0,0,0
CDR2,0,0,0
CDR2L,0,0,0
CDRT1,0,0,0
CDRT2,0,0,0
CDRT3,0,0,0
CDRT4,0,0,0
CDRT5,0,0,0
CDRT7,0,0,0
CDRT8,0,0,0
CDRT10,0,0,0
CDRT11,0,0,0
CDRT12,0,0,0
CDRT13,0,0,0
CDRT15,0,0,0
CDRT15L2,0,0,0
CDRT15P1,0,0,0
CDRT15P2,0,0,0
CDS1,0,0,0
CDS2,0,0,0
CDSN,0,0,0
CDT1,0,0,0
CDV3,0,0,0
CDV3P1,0,0,0
CDX1,0,0,0
CDX2,16,1,0
CDX4,0,0,0
CDY1,0,0,0
CDY1B,0,0,0
CDY2A,0,0,0
CDY2B,0,0,0
CDY3P,0,0,0
CDY4P,0,0,0
CDY5P,0,0,0
CDY6P,0,0,0
CDY7P,0,0,0
CDY8P,0,0,0
CDY9P,0,0,0
CDY10P,0,0,0
CDY11P,0,0,0
CDY12P,0,0,0
CDY13P,0,0,0
CDY14P,0,0,0
CDY15P,0,0,0
CDY16P,0,0,0
CDY17P,0,0,0
CDY18P,0,0,0
CDY19P,0,0,0
CDY20P,0,0,0
CDY21P,0,0,0
CDY22P,0,0,0
CDY23P,0,0,0
CDYL,0,0,0
CDYL2,0,0,0
CEACAM1,0,0,0
CEACAM3,0,0,0
CEACAM4,0,0,0
CEACAM5,0,0,0
CEACAM6,2,1,0
CEACAM7,0,0,0
CEACAM8,0,0,0
CEACAM16,0,0,0
CEACAM18,0,0,0
CEACAM19,0,0,0
CEACAM20,0,0,0
CEACAM21,0,0,0
CEACAM22P,0,0,0
CEACAMP1,0,0,0
CEACAMP2,0,0,0
CEACAMP3,0,0,0
CEACAMP4,0,0,0
CEACAMP5,0,0,0
CEACAMP6,0,0,0
CEACAMP7,0,0,0
CEACAMP8,0,0,0
CEACAMP9,0,0,0
CEACAMP10,0,0,0
CEACAMP11,0,0,0
CEBPA,0,0,0
CEBPA-AS1,0,0,0
CEBPB,0,0,0
CEBPB-AS1,0,0,0
CEBPD,0,0,0
CEBPE,0,0,0
CEBPG,0,0,0
CEBPZ,0,0,0
CEBPZOS,0,0,0
CECR,0,0,0
CECR1,0,0,0
CECR2,0,0,0
CECR3,0,0,0
CECR5,0,0,0
CECR5-AS1,0,0,0
CECR6,0,0,0
CECR7,0,0,0
CECR9,0,0,0
CEL,8,0,1
CELA1,0,0,0
CELA2A,0,0,0
CELA2B,0,0,0
CELA3A,0,0,0
CELA3B,0,0,0
CELF1,0,0,0
CELF2,0,0,0
CELF2-AS1,0,0,0
CELF2-AS2,0,0,0
CELF3,0,0,0
CELF4,0,0,0
CELF5,0,0,0
CELF6,0,0,0
CELIAC2,0,0,0
CELP,0,0,0
CELSR1,0,0,0
CELSR2,0,0,0
CELSR3,0,0,0
CELSR3-AS1,0,0,0
CEMIP,0,0,0
CEMP1,0,0,0
CEND1,0,0,0
CEND1P1,0,0,0
CEND1P2,0,0,0
CENPA,0,0,0
CENPB,0,0,0
CENPBD1,0,0,0
CENPBD1P1,0,0,0
CENPC,0,0,0
CENPCP1,0,0,0
CENPE,0,0,0
CENPF,0,0,0
CENPH,0,0,0
CENPI,0,0,0
CENPIP1,0,0,0
CENPJ,0,0,0
CENPK,0,0,0
CENPL,0,0,0
CENPM,0,0,0
CENPN,0,0,0
CENPO,0,0,0
CENPP,0,0,0
CENPQ,0,0,0
CENPT,0,0,0
CENPU,0,0,0
CENPUP1,0,0,0
CENPUP2,0,0,0
CENPV,0,0,0
CENPVP1,0,0,0
CENPVP2,0,0,0
CENPVP3,0,0,0
CENPW,0,0,0
CEP19,0,0,0
CEP41,0,0,0
CEP44,0,0,0
CEP55,2,0,0
CEP57,0,0,0
CEP57L1,0,0,0
CEP57L1P1,0,0,0
CEP63,0,0,0
CEP68,0,0,0
CEP70,0,0,0
CEP72,0,0,0
CEP76,0,0,0
CEP78,0,0,0
CEP83,0,0,0
CEP83-AS1,0,0,0
CEP85,0,0,0
CEP85L,0,0,0
CEP89,0,0,0
CEP95,0,0,0
CEP97,0,0,0
CEP104,0,0,0
CEP112,0,0,0
CEP120,0,0,0
CEP126,0,0,0
CEP128,0,0,0
CEP131,0,0,0
CEP135,0,0,0
CEP152,0,0,0
CEP162,0,0,0
CEP164,0,0,0
CEP164P1,0,0,0
CEP170,0,0,0
CEP170B,0,0,0
CEP170P1,0,0,0
CEP192,0,0,0
CEP250,0,0,0
CEP290,0,0,0
CEP295,0,0,0
CEP295NL,0,0,0
CEP350,0,0,0
CEPA,0,0,0
CEPT1,0,0,0
CER1,0,0,0
CERCAM,0,0,0
CERK,0,0,0
CERKL,0,0,0
CERS1,0,0,0
CERS2,0,0,0
CERS3,0,0,0
CERS3-AS1,0,0,0
CERS4,0,0,0
CERS5,0,0,0
CERS6,0,0,0
CERS6-AS1,0,0,0
CES1,0,0,0
CES1P1,0,0,0
CES1P2,0,0,0
CES2,0,0,0
CES3,0,0,0
CES4A,0,0,0
CES5A,0,0,0
CES5AP1,0,0,0
CETN1,0,0,0
CETN2,0,0,0
CETN3,0,0,0
CETN4P,0,0,0
CETP,0,0,0
CFAP20,0,0,0
CFAP36,0,0,0
CFAP43,0,0,0
CFAP44,0,0,0
CFAP44-AS1,0,0,0
CFAP45,0,0,0
CFAP46,0,0,0
CFAP47,0,0,0
CFAP52,0,0,0
CFAP53,0,0,0
CFAP54,0,0,0
CFAP57,0,0,0
CFAP58,0,0,0
CFAP58-AS1,0,0,0
CFAP61,0,0,0
CFAP65,0,0,0
CFAP69,0,0,0
CFAP70,0,0,0
CFAP73,0,0,0
CFAP74,0,0,0
CFAP77,0,0,0
CFAP97,0,0,0
CFAP99,0,0,0
CFAP100,0,0,0
CFAP126,0,0,0
CFAP157,0,0,0
CFAP161,0,0,0
CFAP206,0,0,0
CFAP221,0,0,0
CFB,0,0,0
CFC1,0,0,0
CFC1B,0,0,0
CFD,0,0,0
CFDP1,0,0,0
CFH,0,0,0
CFHR1,0,0,0
CFHR2,0,0,0
CFHR3,0,0,0
CFHR4,0,0,0
CFHR5,0,0,0
CFI,0,1,0
CFL1,0,0,0
CFL1P1,0,0,0
CFL1P2,0,0,0
CFL1P3,0,0,0
CFL1P4,0,0,0
CFL1P5,0,0,0
CFL1P6,0,0,0
CFL1P7,0,0,0
CFL1P8,0,0,0
CFL2,0,0,0
CFLAR,0,0,0
CFLAR-AS1,0,0,0
CFM1,0,0,0
CFM2,0,0,0
CFP,0,4,0
CFTR,0,0,0
CFTRP1,0,0,0
CFTRP2,0,0,0
CFTRP3,0,0,0
CGA,2,0,0
CGB,8,0,0
CGB1,0,0,0
CGB2,0,0,0
CGB5,0,0,0
CGB7,0,0,0
CGB8,0,0,0
CGF1,0,0,0
CGGBP1,0,0,0
CGN,0,0,0
CGNL1,0,0,0
CGREF1,0,0,0
CGRRF1,0,0,0
CH25H,0,0,0
CHAC1,0,0,0
CHAC2,0,0,0
CHAD,0,0,0
CHADL,0,0,0
CHAF1A,0,0,0
CHAF1B,0,0,0
CHAMP1,0,0,0
CHAT,0,0,0
CHCHD1,0,0,0
CHCHD2,0,0,5
CHCHD2P1,0,0,0
CHCHD2P2,0,0,0
CHCHD2P3,0,0,0
CHCHD2P4,0,0,0
CHCHD2P5,0,0,0
CHCHD2P6,0,0,0
CHCHD2P7,0,0,0
CHCHD2P8,0,0,0
CHCHD2P9,0,0,0
CHCHD2P10,0,0,0
CHCHD2P11,0,0,0
CHCHD3,0,0,0
CHCHD3P1,0,0,0
CHCHD3P2,0,0,0
CHCHD3P3,0,0,0
CHCHD4,0,0,1
CHCHD4P1,0,0,0
CHCHD4P2,0,0,0
CHCHD4P3,0,0,0
CHCHD4P4,0,0,0
CHCHD4P5,0,0,0
CHCHD5,0,0,0
CHCHD6,0,0,0
CHCHD7,0,0,0
CHCHD10,0,0,0
CHD1,0,1,0
CHD1L,2,0,0
CHD2,0,0,0
CHD3,0,0,0
CHD4,0,1,0
CHD5,0,0,0
CHD6,0,0,0
CHD7,0,0,0
CHD8,0,0,0
CHD9,0,0,0
CHDH,0,0,0
CHED1,0,0,0
CHEK1,0,0,0
CHEK2,0,0,1
CHEK2P1,0,0,0
CHEK2P2,0,0,0
CHEK2P3,0,0,0
CHEK2P4,0,0,0
CHEK2P5,0,0,0
CHERP,0,0,0
CHES1L1,0,0,0
CHFR,10,0,0
CHGA,0,1,0
CHGB,0,0,0
CHI3L1,0,1,0
CHI3L2,0,0,0
CHIA,0,0,0
CHIAP1,0,0,0
CHIAP2,0,0,0
CHIAP3,0,0,0
CHIC1,0,0,0
CHIC2,0,0,0
CHID1,0,0,0
CHIT1,0,0,0
CHKA,2,0,0
CHKB,0,0,0
CHKB-AS1,0,0,0
CHKB-CPT1B,0,0,0
CHL1,0,0,0
CHL1-AS1,0,0,0
CHL1-AS2,0,0,0
CHM,0,0,1
CHML,0,0,0
CHMP1A,0,0,0
CHMP1AP1,0,0,0
CHMP1B,0,0,0
CHMP1B2P,0,0,0
CHMP2A,0,0,0
CHMP2B,0,0,0
CHMP3,0,0,0
CHMP4A,0,0,0
CHMP4B,0,0,0
CHMP4BP1,0,0,0
CHMP4C,0,0,0
CHMP5,0,0,0
CHMP6,0,0,0
CHMP7,0,0,0
CHN1,0,0,0
CHN2,0,0,0
CHODL,0,0,0
CHODL-AS1,0,0,0
CHORDC1,0,0,0
CHORDC2P,0,0,0
CHP1,0,0,0
CHP2,0,0,0
CHPF,0,0,0
CHPF2,0,0,0
CHPT1,0,0,0
CHR,0,0,0
CHRAC1,0,0,0
CHRD,0,0,0
CHRDL1,0,0,0
CHRDL2,0,0,0
CHRFAM7A,0,0,0
CHRFAM7AP1,0,0,0
CHRFAM7AP2,0,0,0
CHRM1,0,0,0
CHRM2,0,0,0
CHRM3,0,0,0
CHRM3-AS1,0,0,0
CHRM3-AS2,0,0,0
CHRM4,0,0,0
CHRM5,0,0,0
CHRNA1,0,0,0
CHRNA2,0,0,0
CHRNA3,0,1,0
CHRNA4,0,0,0
CHRNA5,0,6,0
CHRNA6,0,0,0
CHRNA7,0,0,0
CHRNA9,0,0,0
CHRNA10,0,0,0
CHRNB1,0,0,0
CHRNB2,0,0,0
CHRNB3,0,0,0
CHRNB4,0,0,0
CHRND,0,0,0
CHRNE,0,0,0
CHRNG,0,0,0
CHST1,0,0,0
CHST2,0,0,0
CHST3,0,0,0
CHST4,0,0,0
CHST5,0,0,0
CHST6,0,0,0
CHST7,0,0,0
CHST8,0,0,0
CHST9,0,0,0
CHST10,0,0,0
CHST11,0,0,0
CHST12,0,0,0
CHST13,0,0,0
CHST14,0,0,0
CHST15,0,0,0
CHSY1,0,0,0
CHSY3,0,0,0
CHTF8,0,0,0
CHTF8P1,0,0,0
CHTF18,0,0,0
CHTOP,0,0,0
CHUK,0,0,0
CHURC1,0,0,0
CHURC1-FNTB,0,0,0
CIAO1,0,0,0
CIAPIN1,0,0,0
CIAPIN1P,0,0,0
CIART,0,0,0
CIB1,0,0,0
CIB2,0,0,0
CIB3,0,0,0
CIB4,0,0,0
CIC,8,3,6
CICP1,0,0,0
CICP2,0,0,0
CICP3,0,0,0
CICP4,0,0,0
CICP5,0,0,0
CICP6,0,0,0
CICP7,0,0,0
CICP8,0,0,0
CICP9,0,0,0
CICP10,0,0,0
CICP11,0,0,0
CICP12,0,0,0
CICP13,0,0,0
CICP14,0,0,0
CICP15,0,0,0
CICP16,0,0,0
CICP17,0,0,0
CICP18,0,0,0
CICP19,0,0,0
CICP20,0,0,0
CICP21,0,0,0
CICP22,0,0,0
CICP23,0,0,0
CICP24,0,0,0
CICP25,0,0,0
CICP26,0,0,0
CICP27,0,0,0
CICP28,0,0,0
CIDEA,2,0,0
CIDEB,2,0,0
CIDEC,0,0,0
CIDECP,0,0,0
CIITA,0,0,0
CILP,0,0,0
CILP2,0,0,0
CINP,0,0,0
CIPC,0,0,0
CIR1,0,0,0
CIR1P1,0,0,0
CIR1P2,0,0,0
CIR1P3,0,0,0
CIRBP,0,0,0
CIRBP-AS1,0,0,0
CISD1,0,0,0
CISD1P1,0,0,0
CISD2,0,0,0
CISD3,0,0,0
CISH,0,0,0
CISTR,0,0,0
CIT,0,0,0
CITED1,0,0,0
CITED2,0,1,0
CITED4,0,0,0
CIZ1,0,0,0
CKAP2,0,0,0
CKAP2L,0,0,0
CKAP2P1,0,0,0
CKAP4,2,0,0
CKAP5,0,0,0
CKB,2,0,1
CKBE,0,0,0
CKBP1,0,0,0
CKLF,0,0,0
CKLF-CMTM1,0,0,0
CKM,0,0,0
CKMT1A,0,0,0
CKMT1B,0,0,0
CKMT2,0,0,0
CKMT2-AS1,0,0,0
CKS1B,0,0,0
CKS1BP1,0,0,0
CKS1BP2,0,0,0
CKS1BP3,0,0,0
CKS1BP4,0,0,0
CKS1BP5,0,0,0
CKS1BP6,0,0,0
CKS1BP7,0,0,0
CKS2,0,0,0
CLA3,0,0,0
CLAM,0,0,0
CLASP1,0,0,0
CLASP2,0,0,0
CLASRP,0,0,0
CLC,2,0,0
CLCA1,0,0,0
CLCA2,8,0,0
CLCA3P,0,0,0
CLCA4,0,0,0
CLCC1,0,0,0
CLCF1,0,0,0
CLCN1,0,0,0
CLCN2,0,0,0
CLCN3,0,0,0
CLCN3P1,0,0,0
CLCN4,0,0,0
CLCN5,0,0,0
CLCN6,0,0,0
CLCN7,0,0,0
CLCNKA,0,0,0
CLCNKB,0,0,0
CLCP1,0,0,0
CLCP2,0,0,0
CLDN1,0,1,1
CLDN2,0,0,0
CLDN3,0,0,0
CLDN4,0,0,0
CLDN5,0,0,0
CLDN6,0,0,0
CLDN7,2,0,0
CLDN8,0,0,0
CLDN9,0,0,1
CLDN10,0,0,0
CLDN10-AS1,0,0,0
CLDN11,0,0,0
CLDN12,0,0,0
CLDN14,0,0,0
CLDN15,0,0,0
CLDN16,0,0,0
CLDN17,0,0,4
CLDN18,0,0,0
CLDN19,0,0,0
CLDN20,0,0,0
CLDN22,0,0,0
CLDN23,0,0,0
CLDN24,0,0,0
CLDN25,0,0,0
CLDN34,0,0,0
CLDND1,0,0,0
CLDND2,0,0,0
CLEC1A,0,0,0
CLEC1B,0,0,0
CLEC2A,0,0,0
CLEC2B,0,0,0
CLEC2D,0,0,0
CLEC2L,0,0,0
CLEC3A,0,0,0
CLEC3B,0,0,0
CLEC4A,0,0,0
CLEC4C,0,0,0
CLEC4D,0,0,0
CLEC4E,0,0,0
CLEC4F,0,0,0
CLEC4G,0,0,0
CLEC4GP1,0,0,0
CLEC4M,0,0,0
CLEC5A,0,0,0
CLEC6A,0,0,0
CLEC7A,0,0,0
CLEC9A,0,0,0
CLEC10A,0,0,0
CLEC11A,0,0,0
CLEC12A,0,0,0
CLEC12B,0,0,0
CLEC14A,0,0,0
CLEC16A,0,0,1
CLEC17A,0,0,0
CLEC18A,0,0,0
CLEC18B,0,0,0
CLEC18C,0,0,0
CLEC19A,0,0,0
CLECL1,0,0,0
CLGN,0,0,0
CLHC1,0,0,0
CLIC1,0,0,0
CLIC1P1,0,0,0
CLIC2,0,0,0
CLIC3,2,0,0
CLIC4,0,0,0
CLIC4P1,0,0,0
CLIC4P2,0,0,0
CLIC4P3,0,0,0
CLIC5,0,0,0
CLIC6,0,0,0
CLINT1,0,0,0
CLIP1,0,0,0
CLIP1-AS1,0,0,0
CLIP2,0,0,0
CLIP3,0,0,0
CLIP4,0,0,0
CLK1,0,0,0
CLK2,0,0,0
CLK2P1,0,0,0
CLK3,0,0,0
CLK3P1,0,0,0
CLK3P2,0,0,0
CLK4,0,0,0
CLLU1,0,0,0
CLLU1OS,0,0,0
CLMN,0,0,0
CLMP,0,0,0
CLN3,0,0,0
CLN5,0,0,0
CLN6,0,0,0
CLN8,0,0,0
CLN9,0,0,0
CLNK,0,0,0
CLNS1A,0,0,0
CLNS1AP1,0,0,0
CLOCK,8,0,3
CLP1,0,0,0
CLPB,0,0,0
CLPP,0,0,0
CLPS,0,0,0
CLPSL1,0,0,0
CLPSL2,0,0,0
CLPTM1,0,0,0
CLPTM1L,0,1,1
CLPTM1LP1,0,0,0
CLPX,0,0,0
CLRN1,0,0,0
CLRN1-AS1,0,0,0
CLRN2,0,0,0
CLRN3,0,0,0
CLSPN,0,0,0
CLSTN1,0,0,0
CLSTN2,0,0,0
CLSTN2-AS1,0,0,0
CLSTN3,0,0,0
CLTA,0,0,0
CLTB,0,0,0
CLTC,0,0,0
CLTCL1,0,0,1
CLU,0,0,0
CLUAP1,0,0,0
CLUH,0,0,0
CLUHP1,0,0,0
CLUHP2,0,0,0
CLUHP3,0,0,0
CLUHP4,0,0,0
CLUHP5,0,0,0
CLUHP6,0,0,0
CLUHP7,0,0,0
CLUHP8,0,0,0
CLUHP9,0,0,0
CLUHP10,0,0,0
CLUHP11,0,0,0
CLUL1,0,0,0
CLVS1,0,0,0
CLVS2,0,0,0
CLYBL,0,0,0
CLYBL-AS1,0,0,0
CLYBL-AS2,0,0,0
CMA1,0,0,0
CMAHP,0,0,0
CMAS,0,0,0
CMBL,0,0,0
CMC1,0,0,0
CMC2,0,0,0
CMC4,0,0,0
CMD1B,0,0,0
CMD1F,0,0,0
CMD1H,0,0,0
CMD1K,0,0,0
CMD1Q,0,0,0
CMIP,0,0,0
CMKLR1,0,0,0
CMM,0,0,0
CMPK1,0,0,0
CMPK2,0,0,0
CMR1A,0,0,0
CMR2A,0,0,0
CMR3A,0,0,0
CMSS1,0,0,0
CMT1A,0,0,0
CMT2B,0,0,0
CMTM1,0,0,0
CMTM2,0,0,0
CMTM3,0,0,0
CMTM4,0,0,0
CMTM5,0,0,0
CMTM6,0,0,0
CMTM7,0,0,0
CMTM8,0,0,0
CMTR1,0,0,0
CMTR2,0,0,0
CMTX2,0,0,0
CMTX3,0,0,0
CMYA5,0,0,0
CNA1,0,0,0
CNBD1,0,0,0
CNBD2,0,0,0
CNBP,0,0,0
CNC2,0,0,0
CNDP1,0,0,0
CNDP2,0,0,0
CNEP1R1,0,0,0
CNFN,0,0,0
CNGA1,0,0,0
CNGA2,0,0,0
CNGA3,0,0,0
CNGA4,0,0,0
CNGB1,0,0,0
CNGB3,0,0,0
CNIH1,0,0,0
CNIH2,0,0,0
CNIH3,0,0,0
CNIH4,0,0,0
CNKSR1,0,0,0
CNKSR2,0,0,0
CNKSR3,0,0,0
CNN1,0,0,0
CNN2,0,0,0
CNN2P1,0,0,0
CNN2P2,0,0,0
CNN2P3,0,0,0
CNN2P4,0,0,0
CNN2P6,0,0,0
CNN2P7,0,0,0
CNN2P8,0,0,0
CNN2P9,0,0,0
CNN2P10,0,0,0
CNN2P11,0,0,0
CNN2P12,0,0,0
CNN3,0,0,0
CNN3P1,0,0,0
CNNM1,0,0,0
CNNM2,0,0,1
CNNM3,0,0,0
CNNM4,0,0,0
CNOT1,0,0,0
CNOT2,0,0,0
CNOT3,0,0,0
CNOT4,0,0,0
CNOT4P1,0,0,0
CNOT6,0,0,0
CNOT6L,0,0,0
CNOT6LP1,0,0,0
CNOT7,0,0,0
CNOT7P1,0,0,0
CNOT7P2,0,0,0
CNOT8,0,0,0
CNOT10,0,0,0
CNOT10-AS1,0,0,0
CNOT11,0,0,0
CNP,0,0,4
CNPPD1,0,0,0
CNPY1,0,0,0
CNPY2,0,0,0
CNPY3,0,0,0
CNPY4,0,0,0
CNR1,0,0,1
CNR2,0,0,0
CNRIP1,0,0,0
CNST,0,0,4
CNTD1,0,0,0
CNTD2,0,0,0
CNTF,0,0,0
CNTFR,0,0,0
CNTFR-AS1,0,0,0
CNTLN,0,0,0
CNTN1,0,0,0
CNTN2,0,0,1
CNTN3,0,0,0
CNTN4,0,0,0
CNTN4-AS1,0,0,0
CNTN4-AS2,0,0,0
CNTN5,0,0,0
CNTN6,0,0,0
CNTNAP1,0,0,0
CNTNAP2,0,0,0
CNTNAP3,0,0,0
CNTNAP3B,0,0,0
CNTNAP3P1,0,0,0
CNTNAP3P2,0,0,0
CNTNAP3P3,0,0,0
CNTNAP3P4,0,0,0
CNTNAP3P5,0,0,0
CNTNAP3P6,0,0,0
CNTNAP3P7,0,0,0
CNTNAP3P8,0,0,0
CNTNAP3P9,0,0,0
CNTNAP4,0,0,0
CNTNAP5,0,0,0
CNTRL,0,0,0
CNTROB,0,0,0
COA1,0,0,0
COA3,0,0,0
COA4,0,0,0
COA5,0,0,0
COA6,0,0,0
COA7,0,0,0
COASY,0,0,0
COBL,0,0,0
COBLL1,0,0,0
COCH,0,0,0
COD2,0,0,0
COG1,0,0,0
COG2,0,0,0
COG3,0,0,0
COG4,0,0,0
COG5,0,0,0
COG6,0,0,0
COG7,0,0,0
COG8,0,0,0
COIL,28,2,5
COILP1,0,0,0
COILP2,0,0,0
COL1A1,12,1,0
COL1A2,2,1,0
COL1AR,0,0,0
COL2A1,0,0,0
COL3A1,10,1,0
COL4A1,0,1,0
COL4A2,0,0,0
COL4A2-AS1,0,0,0
COL4A2-AS2,0,0,0
COL4A3,0,0,0
COL4A3BP,0,0,0
COL4A4,0,0,0
COL4A5,0,0,3
COL4A6,0,0,3
COL5A1,2,0,0
COL5A1-AS1,0,0,0
COL5A2,0,0,0
COL5A3,0,0,0
COL6A1,0,0,1
COL6A2,0,0,0
COL6A3,0,0,1
COL6A4P1,0,0,0
COL6A4P2,0,0,0
COL6A5,0,0,0
COL6A6,0,0,0
COL7A1,0,0,0
COL8A1,2,0,0
COL8A2,0,0,0
COL9A1,0,0,0
COL9A2,0,0,0
COL9A3,0,0,0
COL10A1,0,4,0
COL11A1,2,0,0
COL11A2,0,0,0
COL11A2P1,0,0,0
COL12A1,0,0,0
COL13A1,0,0,0
COL14A1,0,0,0
COL15A1,0,0,0
COL16A1,0,0,0
COL17A1,0,0,0
COL18A1,2,0,0
COL18A1-AS1,0,0,0
COL18A1-AS2,0,0,0
COL19A1,0,0,0
COL20A1,0,0,0
COL21A1,0,0,0
COL22A1,0,0,0
COL23A1,0,0,0
COL24A1,0,0,0
COL25A1,0,0,0
COL26A1,0,0,0
COL27A1,0,0,0
COL28A1,0,0,0
COLCA1,0,0,0
COLCA2,0,0,0
COLEC10,0,0,0
COLEC11,0,0,0
COLEC12,0,0,0
COLGALT1,0,0,0
COLGALT2,0,0,0
COLQ,0,0,0
COMMD1,0,0,0
COMMD2,0,0,0
COMMD3,0,0,0
COMMD3-BMI1,0,0,0
COMMD4,0,0,0
COMMD5,0,0,0
COMMD6,0,0,0
COMMD7,0,0,0
